,word,f1,f2,f3,f4,f5,f6,f7,number_of_letters,chatgpt_score_encoded,fasttext_A_sim,fasttext_B_sim,fasttext_C_sim,score_encoded
0,прагматикалық,0,0,0,8,0,116,0,13,4,0.24505565,0.34353325,0.34865052,3
1,археологиялық,103,10,0,3,0,28,0,13,4,0.3119712,0.36959937,0.31562385,3
2,думан,100,0,6,10,7,14,3,5,2,0.35017458,0.37127396,0.29558164,2
3,графика,89,1,0,13,1,54,0,7,2,0.23216638,0.24272238,0.2733669,3
4,небәрі,27,1,5,21,7,79,0,6,2,0.34412852,0.26787388,0.24340056,2
5,діңгек,32,2,8,4,7,90,0,6,2,0.27739426,0.32654798,0.27889714,2
6,сөйтіп,0,8,124,39,2,2,0,6,2,0.26592004,0.28131396,0.28593308,2
7,кальций,140,1,0,2,0,7,1,7,2,0.30762246,0.33598685,0.24913867,3
8,үлгерім,97,24,0,4,0,16,0,7,2,0.3664865,0.3512566,0.3009248,2
9,шаттық,58,0,20,10,10,43,0,6,2,0.36756897,0.4105158,0.38632128,3
10,әлдене,9,0,37,13,6,67,0,6,2,0.44943184,0.46261138,0.4790274,2
11,танау,29,0,44,12,3,64,0,5,2,0.4177561,0.41671798,0.46014133,1
12,шылау,103,1,2,0,0,46,0,5,2,0.32610068,0.37810698,0.35663548,3
13,шылау,103,1,2,0,0,46,0,5,2,0.32610068,0.37810698,0.35663548,3
14,ерен,38,2,5,22,2,56,0,4,0,0.32119066,0.36694387,0.34381473,3
15,биржа,6,25,0,4,1,96,0,5,2,0.2393819,0.24288122,0.18027633,3
16,қарар,6,100,0,1,5,37,0,5,2,0.34161133,0.3803868,0.3501851,3
17,макроэкономика,5,0,0,0,0,136,0,14,4,0.29153964,0.34719756,0.3108187,3
18,килограмм,96,1,0,5,0,28,1,9,3,0.32834822,0.2647578,0.19915442,1
19,үйір,78,36,1,20,11,85,0,4,0,0.3748742,0.4050714,0.3346311,2
20,үйір,78,36,1,20,11,85,0,4,0,0.3748742,0.4050714,0.3346311,2
21,тәте,29,0,53,18,5,55,0,4,0,0.06396369,0.053832076,0.046127368,0
22,құрт,20,8,69,28,44,67,2,4,0,0.3658533,0.3682969,0.35722739,1
23,құлан,65,0,18,8,3,46,0,5,2,0.34116092,0.35589305,0.38745895,2
24,тосын,20,0,1,18,4,121,3,5,2,0.4517335,0.46238616,0.4195336,3
25,башқұрт,111,0,0,0,0,39,0,7,2,0.21016729,0.23297594,0.25035948,2
26,бейнелі,53,1,1,5,0,89,0,7,2,0.35105035,0.3950947,0.38519546,3
27,пейіл,38,0,10,16,8,61,2,5,2,0.3338798,0.4342765,0.4208355,3
28,семіз,25,0,24,5,8,69,0,5,2,0.39266914,0.36640263,0.3479926,1
29,түсім,3,22,0,5,18,103,0,5,2,0.3374399,0.37257352,0.31456423,2
30,таспа,59,11,9,5,13,38,0,5,2,0.26013952,0.27711046,0.33367723,4
31,геологиялық,61,90,0,0,0,2,0,11,4,0.32517302,0.39957494,0.4004483,3
32,кәде,46,12,6,14,7,51,0,4,0,0.2855684,0.3247006,0.24838729,3
33,комсомол,61,1,1,17,4,55,0,8,3,0.3100418,0.32161212,0.26877958,3
34,хош,28,1,34,27,3,50,0,3,0,0.23949488,0.32997715,0.29528984,3
35,хош,28,1,34,27,3,50,0,3,0,0.23949488,0.32997715,0.29528984,3
36,дәлдік,36,15,0,3,1,78,0,6,2,0.36031884,0.40224814,0.3522563,2
37,маржан,67,6,12,30,0,29,1,6,2,0.28047445,0.31636107,0.29660296,3
38,былтырғы,82,1,6,9,0,62,0,8,3,0.30049792,0.2974276,0.27592418,1
39,ізгі,66,2,6,1,1,83,1,4,0,0.3448148,0.4261174,0.3564922,2
40,әтеш,59,0,48,3,6,9,0,4,0,0.27521852,0.21796161,0.15619576,1
41,ведомстволық,2,124,0,0,0,11,0,12,4,0.31136245,0.360068,0.3328839,3
42,бұрылыс,11,2,5,0,3,122,0,7,2,0.29055688,0.35100862,0.3399563,1
43,параметр,41,36,0,3,0,61,0,8,3,0.22319363,0.2732178,0.22820792,2
44,серке,49,0,6,32,3,37,0,5,2,0.35811603,0.3448177,0.3658449,1
45,өздігінен,109,2,4,13,0,0,0,9,3,0.35687938,0.36247423,0.33001322,2
46,өмірлік,84,14,4,35,0,0,1,7,2,0.42094246,0.46645823,0.37713692,2
47,масштаб,154,6,0,5,0,0,0,7,2,0.30435184,0.3245208,0.30964056,2
48,канал,75,0,2,3,3,49,0,5,2,0.17959607,0.18178144,0.16867948,1
49,зәре,15,0,80,14,16,13,0,4,0,0.18148105,0.18912013,0.1848292,3
50,леп,46,0,15,14,9,91,0,3,0,0.2504653,0.29669473,0.27230757,3
51,еңсе,33,0,17,27,10,84,0,4,0,0.32351288,0.37574366,0.4560574,4
52,аккредиттеу,0,0,0,0,0,18,0,11,4,0.2485418,0.27364513,0.23877093,3
53,аккредиттеу,0,0,0,0,0,18,0,11,4,0.2485418,0.27364513,0.23877093,3
54,небір,44,0,5,23,5,83,0,5,2,0.442405,0.45465404,0.46857184,3
55,айбын,19,0,9,3,1,100,0,5,2,0.37149963,0.48257712,0.4438555,2
56,зейін,105,0,9,3,2,54,0,5,2,0.29842418,0.35292438,0.30830613,3
57,мұндағы,70,1,4,44,8,0,0,7,2,0.29585007,0.3241533,0.27767375,2
58,әдебиетші,28,0,0,19,0,86,0,9,3,0.2325146,0.28322205,0.29539013,2
59,шатақ,1,0,15,12,78,49,0,5,2,0.34819865,0.37495524,0.39512095,3
60,дорба,40,0,44,23,3,49,0,5,2,0.38568056,0.353792,0.31294808,1
61,тақырыптық,35,34,0,14,0,75,0,10,3,0.37925866,0.42669955,0.41701034,3
62,жапон,17,0,11,20,13,95,11,5,2,0.25921255,0.28105876,0.22037548,2
63,саңырауқұлақ,99,0,0,13,15,15,2,12,4,0.3219955,0.30707875,0.2720414,1
64,менен,0,0,100,29,0,0,0,5,2,0.33491066,0.3248825,0.37797415,4
65,азбан,0,0,0,0,124,5,0,5,2,0.2153599,0.18978378,0.18636715,2
66,композиция,55,7,0,3,0,69,1,10,3,0.25762457,0.29544896,0.2714568,3
67,қарсаң,14,1,3,2,1,126,0,6,2,0.52110475,0.5797472,0.54583585,2
68,қатыгез,33,31,11,13,9,36,0,7,2,0.3301911,0.3642161,0.33066553,2
69,физик,122,0,0,3,1,10,0,5,2,0.24123375,0.2604789,0.21505053,2
70,жаршы,21,3,4,11,65,21,0,5,2,0.4110507,0.4592805,0.38592637,2
71,толағай,152,1,0,3,0,19,0,7,2,0.39169905,0.43298623,0.48018488,3
72,толағай,152,1,0,3,0,19,0,7,2,0.39169905,0.43298623,0.48018488,3
73,қорек,99,0,9,9,7,10,2,5,2,0.31095165,0.36087504,0.24686071,2
74,дуал,41,0,17,5,1,66,0,4,0,0.2657255,0.26500547,0.24297677,2
75,алюминий,143,9,0,0,0,7,0,8,3,0.23606312,0.2670219,0.22250842,3
76,қолжетімділік,1,130,0,14,1,1,1,13,4,0.3350699,0.3742319,0.3174308,2
77,іссапар,32,29,0,17,1,58,0,7,2,0.20231076,0.24170913,0.19066978,2
78,шыр,28,0,16,8,14,60,0,3,0,0.1912952,0.22807422,0.17625096,3
79,шыр,28,0,16,8,14,60,0,3,0,0.1912952,0.22807422,0.17625096,3
80,наным,65,12,1,6,0,59,0,5,2,0.29086202,0.35595024,0.286948,3
81,мұнай-газ,3,113,0,17,0,0,0,9,3,0.29473245,0.3739095,0.35996202,2
82,құйын,21,2,121,6,8,113,0,5,2,0.29669347,0.33844402,0.32839617,2
83,жиек,64,9,21,19,3,47,0,4,0,0.2338828,0.2574988,0.29446784,2
84,алтыбақан,83,0,27,13,0,14,3,9,3,0.374036,0.36367092,0.314075,2
85,ескек,51,4,70,8,4,10,0,5,2,0.27343664,0.27983904,0.25082898,3
86,кешкілік,80,0,14,8,1,23,0,8,3,0.3701291,0.32817644,0.29809958,2
87,талшық,75,5,1,2,1,43,0,6,2,0.25621328,0.2986594,0.2795823,3
88,даңғыл,59,1,1,24,1,62,1,6,2,0.30862316,0.36302686,0.36113212,1
89,даңғыл,59,1,1,24,1,62,0,6,2,0.30862316,0.36302686,0.36113212,1
90,бетер,15,0,34,11,25,52,0,5,2,0.36248523,0.38532585,0.41750085,2
91,инспектор,13,2,1,20,4,96,1,9,3,0.25177926,0.2563989,0.2032918,2
92,қауіпсіз,13,72,0,17,7,42,0,8,3,0.36376467,0.39133093,0.3201167,1
93,үш-төрт,13,0,8,13,4,108,1,7,2,0.44164252,0.34367204,0.3000275,1
94,атандай,2,0,0,0,0,143,0,7,2,0.2947646,0.2893501,0.29904565,4
95,кернеу,37,3,1,1,0,14,0,6,2,0.23290813,0.2709358,0.25638846,3
96,кернеу,37,3,1,1,0,14,0,6,2,0.23290813,0.2709358,0.25638846,3
97,жеткіліксіз,42,8,5,16,3,98,1,11,4,0.34849316,0.3359008,0.3094781,2
98,перде,17,2,8,10,44,50,0,5,2,0.2913897,0.2803508,0.28285226,1
99,туыстық,16,32,0,1,3,78,0,7,2,0.33291373,0.38750622,0.3047153,2
100,туыстық,16,32,0,1,3,78,0,7,2,0.33291373,0.38750622,0.3047153,2
101,бейхабар,6,0,2,7,1,107,1,8,3,0.32043347,0.3360129,0.32374167,3
102,артқы,58,10,0,5,0,78,0,5,2,0.30768678,0.3097549,0.3149915,2
103,кластер,22,12,0,9,0,122,0,7,2,0.28337824,0.29796457,0.23021537,2
104,бармақ,24,0,18,14,0,75,0,6,2,0.2911775,0.26773828,0.28369117,1
105,ұнтақ,68,7,8,9,5,27,0,5,2,0.2801206,0.3199375,0.29904005,2
106,нық,18,1,15,6,3,104,0,3,0,0.18457033,0.23577514,0.24008551,3
107,оттек,173,1,0,1,0,0,1,5,2,0.26788166,0.27995333,0.18360372,2
108,елу-алпыс,3,0,2,1,0,150,1,9,3,0.56848216,0.5009858,0.4898059,1
109,желім,74,0,26,3,5,34,0,5,2,0.32098618,0.3515764,0.3007887,2
110,валюталық,5,144,0,7,1,15,0,9,3,0.34659335,0.38294086,0.3796316,3
111,қаһар,30,0,7,11,32,45,0,5,2,0.4247994,0.48472536,0.44623294,3
112,олқы,10,0,3,1,8,113,0,4,0,0.16000126,0.17422089,0.2787201,4
113,күллі,67,27,21,37,5,0,0,5,2,0.3574948,0.36837912,0.37021765,2
114,материк,101,0,0,2,26,33,2,7,2,0.3156666,0.35127324,0.31325716,2
115,омыртқа,79,0,13,1,5,26,0,7,2,0.30952874,0.29541454,0.3285264,2
116,еркімен,48,9,2,13,2,62,0,7,2,0.27149594,0.2737973,0.24983466,3
117,сақина,74,0,16,13,2,22,0,6,2,0.28517497,0.28230783,0.22480744,1
118,жүгері,73,0,11,3,15,29,0,6,2,0.2679419,0.28331208,0.25762543,1
119,айырым,11,2,0,0,2,111,0,6,2,0.3081903,0.3565652,0.33306506,2
120,егіс,77,10,1,4,18,51,1,4,0,0.31866032,0.33398962,0.32811707,3
121,камера,24,2,2,8,33,78,1,6,2,0.23708299,0.22625768,0.22866765,1
122,ұйымдастырушылық,39,37,0,5,1,93,0,16,4,0.31529784,0.37767804,0.3277027,2
123,бүлік,55,1,1,16,20,52,0,5,2,0.31145772,0.3592894,0.337829,3
124,бұрын-соңды,22,0,15,10,3,111,0,11,4,0.36428642,0.39847574,0.40451804,2
125,түсініктеме,26,57,2,0,2,85,0,11,4,0.30783945,0.3615846,0.2758961,2
126,мораль,6,3,8,11,0,110,0,6,2,0.27177367,0.34432936,0.34190285,3
127,бу,79,0,69,9,8,44,5,2,0,0.103147775,-0.002471617,-0.055347357,2
128,кесе,12,1,62,25,28,10,0,4,0,0.3258175,0.3185318,0.28919685,1
129,поэтикалық,11,0,0,5,0,127,0,10,3,0.40250412,0.43477702,0.44765365,4
130,сырлы,56,0,3,12,3,72,0,5,2,0.40365982,0.419418,0.3838361,3
131,ардақты,49,1,12,29,2,82,0,7,2,0.38194162,0.40934932,0.36387578,2
132,ілік,115,2,13,20,13,121,0,4,0,0.271139,0.34946132,0.3741391,4
133,ерігіштік,143,0,0,0,0,0,0,9,3,0.30478626,0.3708486,0.33463067,3
134,ескертпе,71,18,8,7,2,46,0,8,3,0.3087934,0.35028112,0.32618213,2
135,тәлім-тәрбие,87,0,0,11,0,78,0,12,4,0.34234872,0.4275846,0.38158783,3
136,фразеологизм,0,0,0,0,0,141,0,12,4,0.23023538,0.2981987,0.303828,3
137,түз,92,1,16,24,132,51,0,3,0,0.19375658,0.20831373,0.20203084,3
138,емен,48,0,26,13,17,34,2,4,0,0.28265324,0.3041078,0.28154638,2
139,ауған,118,0,0,36,2,15,0,5,2,0.2762937,0.29141986,0.26093626,2
140,үзіліс,52,28,14,18,5,46,9,6,2,0.31625146,0.2982683,0.23161283,1
141,ашықтық,9,51,0,24,0,67,0,7,2,0.27473587,0.35855532,0.34269202,2
142,мөр,20,75,11,3,2,31,0,3,0,0.16113271,0.18768057,0.19167145,3
143,кристалл,125,0,0,0,0,19,0,8,3,0.25592455,0.28082576,0.3179064,4
144,тыным,13,45,30,23,5,30,0,5,2,0.36841583,0.39985567,0.3692003,2
145,аламан,46,0,64,20,1,23,0,6,2,0.34965745,0.3771904,0.41889802,4
146,бүркеншік,55,4,0,8,0,58,0,9,3,0.2538379,0.32943958,0.27870584,3
147,шалқар,43,2,8,14,0,62,0,6,2,0.34841782,0.40664276,0.45125732,3
148,шалқар,43,2,8,14,0,62,0,6,2,0.34841782,0.40664276,0.45125732,3
149,жанұя,49,1,2,15,1,68,0,5,2,0.29686585,0.28011367,0.1622454,2
150,ықтималдылық,103,2,0,4,0,19,0,12,4,0.32454142,0.36579236,0.29727328,3
151,әлдебір,20,0,24,21,11,68,0,7,2,0.39473516,0.45027748,0.4434766,3
152,цикл,46,4,0,1,1,110,0,4,0,0.22780626,0.2450259,0.17829569,2
153,хайуан,79,0,13,4,12,43,0,6,2,0.29100275,0.29909974,0.25683185,3
154,тұла,15,0,50,8,3,90,0,4,0,0.25293824,0.21727979,0.27600917,4
155,шеру,29,3,1,18,2,91,1,4,0,0.2806069,0.30296662,0.27760422,3
156,бозбала,36,0,12,19,2,55,0,7,2,0.34455875,0.34146896,0.28441432,3
157,көрнектілік,123,0,0,0,0,0,0,11,4,0.39431375,0.46561536,0.4647251,4
158,қаңлы,125,0,1,8,0,0,0,5,2,0.22137058,0.2481634,0.2682968,3
159,бірталай,37,0,15,11,0,110,0,8,3,0.38335854,0.38082784,0.3908078,3
160,шуақ,93,0,26,20,3,21,0,4,0,0.29992187,0.34409302,0.27038512,2
161,байып,0,0,2,4,7,113,0,5,2,0.36948383,0.433533,0.48221612,4
162,мерей,41,1,15,11,1,67,0,5,2,0.32490927,0.3574905,0.31866693,3
163,сүйкімді,53,0,37,18,16,40,0,8,3,0.4094309,0.43089658,0.3814477,1
164,пиғыл,38,1,6,25,1,83,0,5,2,0.25807717,0.35034794,0.398743,4
165,маркетинг,6,4,0,2,0,122,0,9,3,0.2676939,0.3190602,0.29752442,3
166,үндестік,53,3,0,9,0,71,0,8,3,0.2966161,0.3702003,0.36388695,3
167,әмбебап,26,8,2,14,1,104,0,7,2,0.29697993,0.3610272,0.2930212,3
168,потенциал,106,0,0,4,0,62,0,9,3,0.25893566,0.3330397,0.28099713,3
169,әсерлі,76,2,4,0,2,71,0,6,2,0.3781879,0.43395406,0.3919423,2
170,алым,20,70,2,6,0,64,0,4,0,0.27039778,0.30913222,0.28894404,3
171,күрке,17,0,63,5,0,56,0,5,2,0.3016709,0.29301417,0.2824226,3
172,талапты,31,0,7,14,5,69,0,7,2,0.3281609,0.36566508,0.33538693,3
173,қауырсын,67,0,24,19,1,21,1,8,3,0.2985154,0.35146436,0.3220158,2
174,пауза,1,0,0,0,107,49,0,5,2,0.2572994,0.25823492,0.259231,2
175,сөзсіз,68,0,12,64,0,0,0,6,2,0.26055512,0.28970036,0.26474592,2
176,қап-қара,26,0,39,14,11,43,0,8,3,0.39644825,0.42360625,0.44943225,2
177,мөлшерлік,2,0,0,0,0,127,0,9,3,0.4215382,0.46624708,0.422921,2
178,түнек,20,0,28,10,8,76,0,5,2,0.37570652,0.4084765,0.39118943,3
179,салмақты,16,2,5,25,1,101,0,8,3,0.41075772,0.4513907,0.41899028,2
180,белбеу,34,2,31,15,7,76,7,6,2,0.29835057,0.32590136,0.30562744,1
181,катализатор,117,0,0,1,0,6,0,11,4,0.17769653,0.23032838,0.17016701,3
182,біріншіден,66,2,0,48,0,41,0,10,3,0.29343152,0.27179405,0.22988607,2
183,айтпақшы,0,0,9,0,0,125,0,8,3,0.34116533,0.34627524,0.30169344,1
184,ілгерілеу,0,2,0,2,0,31,0,9,3,0.3342746,0.3585067,0.39705157,3
185,ілгерілеу,0,2,0,2,0,31,0,9,3,0.3342746,0.3585067,0.39705157,3
186,жолдама,23,2,10,19,9,102,0,7,2,0.27800295,0.3187232,0.23863134,2
187,этнография,111,3,0,13,0,19,0,10,3,0.3300384,0.36519423,0.33208004,4
188,пирамида,132,3,8,1,10,6,4,8,3,0.30553216,0.33295998,0.31111676,2
189,дереккөз,22,63,0,4,0,60,0,8,3,0.21737732,0.2617438,0.23518106,3
190,жеке-жеке,35,3,1,0,1,113,0,9,3,0.4185757,0.42456442,0.40951276,2
191,эфир,33,3,1,31,2,54,0,4,0,0.21995878,0.2534879,0.2250894,3
192,реңк,21,3,0,2,0,112,0,4,0,0.24052268,0.3225689,0.29618344,3
193,ауызекі,65,0,0,12,0,90,0,7,2,0.35589087,0.36153463,0.38769844,3
194,айналайын,1,0,16,53,3,93,0,9,3,0.3635992,0.38548005,0.39948922,1
195,кітапханашы,157,0,1,12,0,0,1,11,4,0.23873627,0.23900782,0.18383977,2
196,қарғыс,15,0,24,10,17,59,0,6,2,0.26164883,0.34072152,0.2845872,3
197,кеніш,63,5,0,1,0,65,0,5,2,0.29553035,0.3593456,0.33734062,4
198,алақай,50,0,40,6,73,6,1,6,2,0.34327236,0.3357897,0.28372285,1
199,диссертация,15,6,1,34,1,98,0,11,4,0.2606249,0.28922364,0.27722156,3
200,жеткізуші,5,6,0,0,0,130,0,9,3,0.28172398,0.3019889,0.25963557,2
201,бұзық,7,0,17,8,45,53,0,5,2,0.36606795,0.38386858,0.35242945,1
202,бұзық,7,0,17,8,45,53,0,5,2,0.36606795,0.38386858,0.35242945,1
203,бейсенбі,68,22,12,5,6,26,2,8,3,0.29436097,0.26038605,0.21198913,0
204,бәле,21,18,18,18,31,68,0,4,0,0.21674302,0.2260234,0.22900651,1
205,бәле,21,18,18,18,31,68,0,4,0,0.21674302,0.2260234,0.22900651,1
206,құрбандық,46,4,6,16,12,70,0,9,3,0.3473174,0.39619392,0.3220322,2
207,алғыр,89,0,21,9,9,38,0,5,2,0.3631089,0.4030085,0.37208685,1
208,қабір,67,0,12,19,14,42,0,5,2,0.23992483,0.28287116,0.21448724,3
209,әзірше,10,1,14,15,57,69,0,6,2,0.29538912,0.3105708,0.3033923,1
210,тәуелділік,105,20,0,8,2,0,1,10,3,0.28948507,0.32991365,0.28900358,2
211,келтек,6,0,0,0,144,0,0,6,2,0.42946777,0.47430018,0.48164567,2
212,мәтел,86,0,5,2,0,49,0,5,2,0.3891839,0.41631314,0.3655834,3
213,полюс,157,1,0,0,0,9,1,5,2,0.22182257,0.23036821,0.2115074,3
214,бөрене,61,1,48,1,17,25,0,6,2,0.22536804,0.25464448,0.20520708,1
215,бригада,50,1,7,8,14,57,0,7,2,0.24276896,0.2575794,0.18782818,2
216,қия,43,1,16,14,10,39,0,3,0,0.18586734,0.20206077,0.31925446,4
217,жейде,73,0,15,4,13,25,3,5,2,0.33686352,0.3261647,0.31516892,1
218,оп-оңай,18,0,21,10,19,75,0,7,2,0.31982586,0.35306895,0.3703726,1
219,оркестр,20,1,3,50,6,78,5,7,2,0.26376572,0.2871305,0.2847943,2
220,тұнба,146,0,1,2,0,5,0,5,2,0.30251575,0.3335607,0.26792866,3
221,жезтырнақ,6,0,79,1,68,10,0,9,3,0.36141616,0.40735316,0.39048907,3
222,жүдеу,5,0,6,1,6,18,0,5,2,0.37124485,0.384571,0.37818316,2
223,жүдеу,5,0,6,1,6,18,0,5,2,0.37124485,0.384571,0.37818316,2
224,қонақүй,34,2,3,13,34,70,7,7,2,0.26062402,0.25870106,0.20613627,1
225,константа,171,0,0,0,0,0,0,9,3,0.1652865,0.17752409,0.15573265,3
226,нәтижелі,6,3,0,11,0,135,0,8,3,0.33245757,0.36979565,0.34755233,2
227,мән-мағына,26,1,1,13,0,97,0,10,3,0.3952782,0.46882114,0.4456711,2
228,осынша,19,0,39,21,44,0,0,6,2,0.41016695,0.38176912,0.3549123,1
229,байтақ,74,1,6,25,2,51,0,6,2,0.34907493,0.40292042,0.4028504,3
230,майлы,41,0,15,6,4,63,0,5,2,0.38876265,0.41187835,0.38879484,2
231,коммунистік,115,0,0,17,5,0,0,11,4,0.298896,0.38410893,0.38134465,3
232,қорғасын,106,0,12,7,5,0,0,8,3,0.36711693,0.3659913,0.3293476,2
233,картоп,102,1,18,8,9,29,2,6,2,0.3213616,0.30362856,0.27588767,1
234,тау-кен,49,50,0,7,0,43,0,7,2,0.2777786,0.32131872,0.32735556,2
235,атажұрт,0,0,0,98,0,35,0,7,2,0.33090755,0.40115806,0.3932258,2
236,сықылды,18,0,7,19,0,92,0,7,2,0.31376234,0.3563673,0.36220145,3
237,таблица,0,118,0,0,0,8,0,7,2,0.17212018,0.18568644,0.16439712,2
238,көпес,96,0,10,4,1,15,0,5,2,0.13785598,0.16018789,0.094393715,3
239,зират,47,3,29,9,3,43,0,5,2,0.240181,0.29532376,0.2037542,2
240,күмбез,90,2,12,5,30,36,1,6,2,0.25612745,0.30308247,0.31773815,2
241,тапшылық,52,35,3,20,9,18,5,8,3,0.37058306,0.40766162,0.370136,2
242,порт,71,20,0,12,0,65,0,4,0,0.16557692,0.2242367,0.19353788,2
243,жалын,48,0,64,78,121,144,0,5,2,0.34029856,0.39438236,0.3507158,2
244,батпақ,80,18,18,4,1,46,1,6,2,0.30722207,0.3359572,0.3380125,1
245,күрек,33,2,44,5,5,84,0,5,2,0.41309643,0.39472082,0.3591223,2
246,көр,2325,49,1880,1490,1738,6454,0,3,0,0.3629154,0.41436774,0.3617151,3
247,көр,2325,49,1880,1490,1738,6454,0,3,0,0.3629154,0.41436774,0.3617151,3
248,қасқа,26,0,29,8,9,86,0,5,2,0.36146006,0.38561255,0.3736005,3
249,қасқа,26,0,29,8,9,86,0,5,2,0.36146006,0.38561255,0.3736005,3
250,уәзір,9,0,99,10,0,48,0,5,2,0.24887995,0.2669095,0.25595245,2
251,біршама,104,29,1,34,1,4,4,7,2,0.41960305,0.43377224,0.45010397,2
252,пана,71,1,18,14,22,44,0,4,0,0.3026738,0.3727611,0.28248617,3
253,ойын-сауық,63,9,8,16,0,38,6,10,3,0.32739982,0.36871016,0.30043945,3
254,бұта,58,2,43,24,15,46,0,4,0,0.2825681,0.33133984,0.32618195,2
255,фермер,25,1,11,3,4,110,2,6,2,0.24503885,0.2528137,0.24974003,2
256,домалақ,84,0,16,8,3,15,0,7,2,0.3664935,0.38101095,0.32112885,1
257,кішігірім,43,11,8,101,1,0,2,9,3,0.35813376,0.39615425,0.34578076,2
258,уыс,21,0,43,13,15,58,0,3,0,0.24993633,0.2534136,0.17521437,2
259,кафедра,33,3,2,32,3,53,0,7,2,0.22879311,0.25136527,0.21795405,2
260,алқым,23,0,8,1,6,90,0,5,2,0.3386104,0.3565975,0.38288856,2
261,сыпайы,65,12,6,6,8,68,2,6,2,0.3391253,0.37419435,0.31042168,2
262,арақатынас,49,16,0,5,0,76,0,10,3,0.3023585,0.33052412,0.24354072,3
263,территория,97,12,0,27,21,0,2,10,3,0.23441328,0.31740612,0.31521922,2
264,қал,3012,251,2392,1749,1606,7393,9,3,0,0.3482482,0.37611786,0.36060533,2
265,ризашылық,14,2,4,33,6,82,0,9,3,0.27125147,0.37945923,0.3074813,2
266,аялдама,82,3,4,16,7,42,1,7,2,0.30119818,0.2794985,0.20254962,1
267,реформалау,0,20,0,0,0,0,0,10,3,0.28187248,0.30369976,0.34876293,4
268,реформалау,0,20,0,0,0,0,0,10,3,0.28187248,0.30369976,0.34876293,4
269,ырым,61,0,11,14,6,42,1,4,0,0.3109105,0.37805843,0.27784795,2
270,шалғай,44,7,7,21,2,60,0,6,2,0.3084231,0.3100286,0.39809814,4
271,шалғай,44,7,7,21,2,60,0,6,2,0.3084231,0.3100286,0.39809814,4
272,сауда-экономикалық,84,1,0,5,0,58,0,18,4,0.2824949,0.33816662,0.31979743,3
273,қасық,60,0,50,25,0,30,3,5,2,0.4075603,0.4305568,0.37574467,1
274,қымбатты,68,0,14,21,24,0,0,8,3,0.43268505,0.4355869,0.36008278,1
275,функционалды,16,8,0,3,0,113,0,12,4,0.28077453,0.30767536,0.27410945,3
276,жүлдегер,13,0,1,15,1,115,1,8,3,0.330371,0.34247768,0.3089084,2
277,шегарашы,11,84,2,0,1,37,0,8,3,0.45686722,0.49827284,0.48175457,2
278,өй,8,0,23,19,40,75,0,2,0,-0.10483725,-0.1667747,-0.12602706,1
279,айыпталушы,0,19,3,0,0,149,0,10,3,0.2675435,0.2790765,0.23551425,3
280,қомақты,22,14,4,26,4,83,0,7,2,0.33579442,0.40463588,0.39058977,3
281,көбінесе,114,8,0,2,13,0,3,8,3,0.46650496,0.42603806,0.42448375,2
282,таяуда,14,5,0,19,0,89,0,6,2,0.23553637,0.26413745,0.26669684,3
283,мәміле,9,36,0,11,2,91,0,6,2,0.258523,0.3175229,0.2685664,3
284,дерлік,90,0,8,41,1,6,1,6,2,0.35740134,0.33652812,0.3366862,2
285,жаңғақ,55,0,47,7,2,25,1,6,2,0.38142833,0.35229382,0.30811426,1
286,вагон,63,23,4,8,8,46,0,5,2,0.33324048,0.31509742,0.24597998,1
287,әжей,50,0,40,27,12,21,0,4,0,0.20258683,0.16726458,0.12032132,1
288,массалық,157,0,0,0,0,0,0,8,3,0.30768424,0.34704402,0.2804415,3
289,әдістемелік,89,46,0,22,0,0,0,11,4,0.34839097,0.38805315,0.36572513,3
290,қай-қайдағы,3,0,129,1,2,0,0,11,4,0.3803267,0.41619638,0.4727243,3
291,қулық,39,0,14,9,22,58,1,5,2,0.32512754,0.35824797,0.35656562,2
292,музей,86,6,4,34,0,37,8,5,2,0.22024396,0.2563829,0.22763936,1
293,мейірімділік,95,1,7,6,0,47,1,12,4,0.37375972,0.41771752,0.31091037,2
294,қоқыс,33,3,30,10,14,50,6,5,2,0.3519273,0.35007316,0.2677414,1
295,сульфат,157,0,0,0,0,1,0,7,2,0.203902,0.26934877,0.25659266,3
296,сөре,75,0,11,7,4,58,2,4,0,0.23886411,0.2162251,0.19790168,1
297,төркін,35,0,2,16,2,69,0,6,2,0.43180105,0.46375072,0.45241863,3
298,градус,114,5,0,13,1,31,3,6,2,0.25707826,0.19051804,0.14594537,1
299,ішімдік,32,7,8,8,8,64,0,7,2,0.34091762,0.3702516,0.2916709,2
300,ұстаздық,58,0,0,4,1,101,0,8,3,0.32044804,0.3574567,0.31730908,3
301,полигон,21,16,0,59,1,41,0,7,2,0.21207212,0.24152333,0.19999443,2
302,қосақ,10,0,3,2,2,114,0,5,2,0.28212467,0.32193834,0.3045645,3
303,қызылша,53,73,8,0,3,10,0,7,2,0.31632432,0.30037928,0.28466177,1
304,алғы,61,18,3,9,0,50,1,4,0,0.24765427,0.29081005,0.25437805,2
305,алғы,61,18,3,9,0,50,0,4,0,0.24765427,0.29081005,0.25437805,2
306,ойпат,141,3,0,1,0,11,0,5,2,0.22068991,0.27802515,0.32204673,3
307,салат,102,0,29,8,18,10,0,5,2,0.30109918,0.33520418,0.2407478,1
308,жауыздық,43,0,5,5,1,78,0,8,3,0.37369764,0.46426535,0.43446374,3
309,серия,13,38,0,22,30,30,0,5,2,0.17352794,0.18333974,0.13291031,2
310,мал-мүлік,44,0,46,5,0,30,0,9,3,0.39433447,0.41792548,0.36162558,2
311,бейтарап,95,3,0,3,0,35,0,8,3,0.30520973,0.37861156,0.34050283,2
312,синоним,65,3,0,1,0,89,0,7,2,0.30592462,0.35430473,0.31900275,3
313,тәжірибелі,31,9,2,16,0,96,1,10,3,0.39691082,0.40026027,0.34917888,2
314,қоғамдастық,11,43,0,10,0,84,0,11,4,0.35125208,0.36862195,0.32760736,2
315,идеялық,37,2,0,14,0,96,0,7,2,0.2761938,0.3731826,0.38774356,3
316,қайта-қайта,36,1,32,1,0,104,2,11,4,0.2938377,0.3015684,0.3047191,1
317,тақау,6,0,3,6,3,4,0,5,2,0.24553873,0.24878438,0.25216022,3
318,тақау,6,0,3,6,3,4,0,5,2,0.24553873,0.24878438,0.25216022,3
319,жеңіліс,102,0,2,4,0,53,1,7,2,0.2923722,0.30489868,0.2709382,1
320,лирикалық,158,0,0,9,2,0,0,9,3,0.33550897,0.40856022,0.41350856,4
321,жұқа,100,2,13,6,5,27,1,4,0,0.33884504,0.36113194,0.3707226,1
322,күйші,96,0,0,45,1,0,3,5,2,0.31018007,0.32606772,0.30291462,2
323,сыныптас,132,1,0,9,3,31,10,8,3,0.26210308,0.23936908,0.20488046,1
324,жыршы,73,0,0,11,3,57,0,5,2,0.267805,0.30049682,0.29047433,2
325,ешқайда,22,0,26,13,34,34,2,7,2,0.3105408,0.32199886,0.32386032,1
326,дәулет,64,1,44,9,4,24,5,6,2,0.36386126,0.4209288,0.36020398,3
327,нәр,39,0,21,22,8,74,0,3,0,0.33110815,0.39179102,0.34488007,2
328,жеміс-жидек,66,4,10,4,21,32,1,11,4,0.36214033,0.37995976,0.3074437,1
329,моншақ,87,0,11,15,3,19,3,6,2,0.340824,0.34429953,0.2571836,2
330,жынды,3,0,17,9,51,90,0,5,2,0.40642703,0.43460938,0.43488172,1
331,жауын-шашын,149,0,3,4,0,13,0,11,4,0.29606664,0.33269998,0.29405698,2
332,қуанышты,60,0,41,3,0,30,0,8,3,0.39169416,0.42443278,0.36694396,1
333,оймақ,11,0,3,0,1,4,0,5,2,0.41032025,0.42140627,0.44323087,4
334,олқылық,0,3,1,15,0,0,0,7,2,0.3726572,0.4511879,0.46019506,4
335,параллелизм,12,0,0,0,0,7,0,11,4,0.33368188,0.39398813,0.44276926,4
336,резюме,0,0,0,0,0,19,0,6,2,0.14198026,0.14062813,0.13847387,4
337,рецензия,3,1,0,4,0,11,0,8,3,0.25724158,0.30435058,0.27631173,4
338,рулы,4,0,1,3,0,11,0,4,0,0.35054794,0.3356695,0.3873,4
339,соматикалық,3,0,0,0,0,16,0,11,4,0.31001052,0.35824963,0.3584951,4
340,сұраным,5,0,0,2,0,12,3,7,2,0.29163548,0.3450092,0.3097018,3
341,төлнұсқа,0,18,0,0,0,1,0,8,3,0.25795674,0.31090468,0.22310126,3
342,тіфә,4,0,0,9,6,0,0,4,0,0.1867127,0.24805433,0.25387967,4
343,трагикомедия,0,0,0,1,0,2,0,12,4,0.21000536,0.27660865,0.28118217,4
344,терапевт,3,0,0,0,0,0,1,8,3,0.17242086,0.19621974,0.15037441,3
345,танго,1,0,0,2,0,0,0,5,2,0.20070815,0.23607332,0.26462194,4
346,шүлдір,0,0,0,3,0,1,0,6,2,0.5146354,0.57481784,0.5806443,4
347,цивилизация,1,0,1,0,1,1,0,11,4,0.23915546,0.32291833,0.3097293,3
348,феодал,0,0,1,0,2,1,0,6,2,0.17846844,0.243116,0.26938698,4
349,сырбаз,1,0,1,2,0,0,0,6,2,0.38216245,0.4229301,0.44059643,4
350,сұқсыр,4,0,0,0,0,0,0,6,2,0.30878824,0.34761488,0.36860737,4
351,спектрограмма,0,0,0,0,0,4,0,13,4,0.34066918,0.39162973,0.3804148,4
352,секулярист,0,0,0,4,0,0,0,10,3,0.44138977,0.5115489,0.48328808,4
353,тер,132,2,61,42,18,174,1,3,0,0.3585684,0.35935023,0.33321127,1
354,мүйіз,70,1,42,38,14,66,2,5,2,0.35477334,0.32880425,0.36931258,2
355,тұяқ,22,3,25,43,44,126,0,4,0,0.34441358,0.3378033,0.37305868,1
356,қыстау,99,7,23,34,0,554,12,6,2,0.29705545,0.3285639,0.32189915,1
357,қыстау,99,7,23,34,0,554,0,6,2,0.29705545,0.3285639,0.32189915,1
358,күздеу,7,0,0,0,1,0,2,6,2,0.4626613,0.47542897,0.45724428,2
359,көрікті,102,1,23,10,13,43,0,7,2,0.3876131,0.41751334,0.40190822,2
360,әдемі,598,1,122,115,82,385,61,5,2,0.46889353,0.49754766,0.47403103,1
361,сұлу,391,0,120,80,92,353,3,4,0,0.4513344,0.46420923,0.45112786,1
362,қарапайым,628,16,31,131,22,605,8,9,3,0.5041346,0.5064739,0.4606118,0
363,шындық,401,14,148,126,113,714,4,6,2,0.337992,0.39567414,0.394311,0
364,шын,376,14,141,146,235,743,11,3,0,0.34438682,0.36822122,0.34188175,0
365,ақиқат,93,0,7,79,4,400,0,6,2,0.30995947,0.3579203,0.33886236,1
366,қарт,182,12,128,80,45,301,2,4,0,0.37976766,0.35165474,0.2981917,2
367,қария,86,2,82,34,14,147,7,5,2,0.39553258,0.38380453,0.33686593,2
368,әже,1356,0,392,362,467,514,53,3,0,0.30744722,0.25076857,0.1877684,0
369,құрмет,350,46,27,119,31,687,18,6,2,0.3538948,0.42635107,0.34720722,2
370,қадір,219,1,29,51,17,3,1,5,2,0.3029428,0.3534382,0.3217627,2
371,сый,188,11,109,98,57,269,1,3,0,0.34248623,0.3922855,0.28800565,1
372,себеп,1102,217,34,139,49,2867,109,5,2,0.34027132,0.35921684,0.32624742,1
373,айтыс,159,4,43,137,31,189,5,5,2,0.35158473,0.35904703,0.373125,1
374,дау,181,140,19,79,5,188,0,3,0,0.29438442,0.3178448,0.34052098,1
375,талас,240,3,66,51,31,277,0,5,2,0.31727603,0.33974245,0.32434165,2
376,ұрыс,155,14,65,55,13,140,1,4,0,0.2732491,0.2960774,0.2757437,2
377,баспана,91,17,7,38,25,101,0,7,2,0.3011401,0.3395974,0.24984592,2
378,ғасыр,2736,40,18,405,4,1716,31,5,2,0.38301268,0.33789065,0.32680032,0
379,азық,114,0,47,36,6,134,3,4,0,0.37937376,0.4036977,0.32105878,0
380,азық-түлік,243,69,14,42,6,239,9,10,3,0.42412716,0.42722422,0.36325988,0
381,мал,1025,60,130,118,52,848,20,3,0,0.50794226,0.4993292,0.45532984,1
382,шаруашылық,1237,501,10,116,11,1205,8,10,3,0.40927315,0.48058963,0.42856807,2
383,тұрақ,1637,480,38,24,11,56,6,5,2,0.3288125,0.35699147,0.28642958,0
384,шақ,265,25,106,130,22,765,2,3,0,0.36028996,0.43386585,0.3378715,2
385,шақ,265,25,106,130,22,765,0,3,0,0.36028996,0.43386585,0.3378715,2
386,шақ,265,25,106,130,22,765,0,3,0,0.36028996,0.43386585,0.3378715,2
387,шақ,265,25,106,130,22,765,0,3,0,0.36028996,0.43386585,0.3378715,2
388,мерзім,244,938,7,89,44,805,1,6,2,0.3833315,0.35037524,0.27771387,0
389,мекен,315,193,33,87,12,387,7,5,2,0.32641917,0.3568907,0.2898885,2
390,қоныс,518,32,3,73,10,265,0,5,2,0.36968115,0.43789566,0.41195422,0
391,арба,112,1,72,51,39,250,5,4,0,0.31525674,0.3079726,0.27074096,2
392,ханшайым,26,0,4,5,7,12,3,8,3,0.28744563,0.278358,0.18050325,2
393,ханзада,19,0,0,1,3,11,5,7,2,0.23284262,0.23271602,0.16203581,2
394,керуен,125,1,19,21,2,96,8,6,2,0.32200983,0.3619441,0.30322963,2
395,сауда,684,166,32,139,40,781,7,5,2,0.3846633,0.41495743,0.35189065,0
396,саудагер,104,0,28,13,22,90,8,8,3,0.25632128,0.25533903,0.18546347,0
397,арық,63,1,45,45,10,67,1,4,0,0.36574575,0.33126286,0.29818356,0
398,арық,63,1,45,45,10,67,0,4,0,0.36574575,0.33126286,0.29818356,0
399,жыра,1,0,1,0,0,0,0,4,0,0.27492264,0.32510185,0.40598524,4
400,ор,58,0,11,5,11,97,0,2,0,0.11103521,0.01874446,-0.034833796,3
401,таяз,12,2,1,4,1,26,1,4,0,0.2678253,0.29705727,0.31228465,2
402,маңызсыз,2,0,1,1,0,0,0,8,3,0.45226103,0.4948445,0.42427164,2
403,үстірт,152,1,1,16,0,36,0,6,2,0.24055016,0.2937561,0.44734058,4
404,үстірт,152,1,1,16,0,36,0,6,2,0.24055016,0.2937561,0.44734058,4
405,қамыс,95,2,45,14,4,104,6,5,2,0.34064156,0.37225083,0.35431185,2
406,көл,950,59,188,110,42,156,45,3,0,0.38068268,0.37696674,0.346522,0
407,жағалау,413,22,45,24,17,73,7,7,2,0.2771829,0.2785736,0.26726744,0
408,жағалау,413,22,45,24,17,73,0,7,2,0.2771829,0.2785736,0.26726744,0
409,жаға,136,13,275,21,62,264,16,4,0,0.25251085,0.29039934,0.32593283,0
410,шағала,46,3,18,3,38,4,2,6,2,0.29903287,0.30652946,0.3125192,1
411,сен,4492,53,3557,928,4038,4283,89,3,0,0.41801238,0.39692745,0.33624956,0
412,сіз,1072,161,729,577,711,2869,19,3,0,0.3831782,0.3470964,0.28777334,0
413,көркем,632,7,32,137,3,1324,2,6,2,0.48606154,0.53264844,0.52848685,2
414,шыншыл,43,0,2,6,0,30,1,6,2,0.31207728,0.35421875,0.31805834,3
415,бедел,221,55,6,91,3,350,0,5,2,0.34840897,0.44116542,0.3988732,1
416,абырой,95,21,13,81,9,248,1,6,2,0.3467462,0.39656124,0.33840382,1
417,теріс,22,79,102,58,37,382,0,5,2,0.32562405,0.37796792,0.37791422,2
418,ауырлық,32,21,2,1,2,24,0,7,2,0.36068797,0.37656173,0.3468437,3
419,жасқаншақ,1,0,1,3,0,12,0,9,3,0.46280703,0.4637639,0.45987257,3
420,міндет,673,760,32,229,106,1736,20,6,2,0.36234584,0.4080214,0.34483707,2
421,парыз,124,2,3,60,0,171,1,5,2,0.32847598,0.36303565,0.31393582,2
422,ойымша,32,0,17,20,0,0,0,6,2,0.29021293,0.29458806,0.269446,0
423,пікір,653,61,48,334,54,2064,4,5,2,0.3161919,0.3703608,0.36797458,1
424,көзқарас,394,58,16,176,11,932,3,8,3,0.34672225,0.4063854,0.38461077,1
425,теке,815,0,13,11,0,64,0,4,0,0.29806948,0.27735314,0.3182819,0
426,айлакер,40,0,7,6,10,11,1,7,2,0.3722096,0.38354138,0.34046215,2
427,қанағат,47,0,22,12,7,64,1,7,2,0.28153056,0.31082565,0.2544631,3
428,қанағатсыз,3,0,1,0,0,9,0,10,3,0.422333,0.46177015,0.4606773,3
429,ау,59,2,67,52,40,94,1,2,0,0.10621155,0.0014217055,-0.024329009,1
430,ау,59,2,67,52,40,94,0,2,0,0.10621155,0.0014217055,-0.024329009,1
431,ау,59,2,67,52,40,94,0,2,0,0.10621155,0.0014217055,-0.024329009,1
432,деңгей,1290,845,10,329,8,8736,24,6,2,0.26808345,0.2609892,0.21937078,1
433,қимыл,69,18,16,30,20,70,1,5,2,0.3357359,0.37704024,0.35950562,1
434,қайын,28,0,15,9,8,161,0,5,2,0.29062542,0.32422036,0.28745827,2
435,мәлімет,689,665,2,132,28,750,8,7,2,0.3649024,0.3814487,0.29468372,3
436,ешкі,305,2,71,27,24,72,6,4,0,0.36565617,0.30076438,0.30835462,0
437,байқау,64,45,3,70,18,158,18,6,2,0.26338932,0.28078458,0.26353705,1
438,байқау,64,45,3,70,18,158,0,6,2,0.26338932,0.28078458,0.26353705,1
439,жайылым,192,10,8,50,2,45,3,7,2,0.31003508,0.3540599,0.3410329,2
440,тұздық,4,0,3,1,1,6,0,6,2,0.35707116,0.42204267,0.3699134,3
441,тапсырыс,78,54,1,20,15,314,4,8,3,0.3481554,0.36104122,0.26711124,1
442,аңшылық,25,7,0,2,0,30,1,7,2,0.32845232,0.3533117,0.3214226,4
443,құрлық,171,13,10,53,1,77,0,6,2,0.35904488,0.35050496,0.3439034,1
444,ат,924,414,1551,839,565,5273,61,2,0,0.16339189,0.05022635,-0.012092708,1
445,шошқа,31,1,83,18,32,104,0,5,2,0.2796184,0.2551637,0.26268432,1
446,қоян,305,0,308,106,124,80,2,4,0,0.3548845,0.28782877,0.26308304,0
447,қақпан,20,0,41,19,15,0,1,6,2,0.40375578,0.39214575,0.35374314,2
448,тосқауыл,40,1,5,23,6,110,0,8,3,0.28435895,0.36708558,0.34430125,2
449,жабайы,172,3,28,21,11,71,2,6,2,0.37969652,0.40144163,0.38833308,0
450,шамалы,56,4,26,39,12,90,0,6,2,0.34690806,0.3640765,0.34196353,3
451,шамалы,56,4,26,39,12,90,0,6,2,0.34690806,0.3640765,0.34196353,3
452,шағын,963,153,108,128,36,2043,5,5,2,0.4592512,0.48803496,0.44769612,0
453,дария,44,0,69,14,2,50,5,5,2,0.35881552,0.3542926,0.3568504,2
454,біз,3488,61,1987,3165,1127,11477,207,3,0,0.46515536,0.41109344,0.39725167,0
455,біз,3488,61,1987,3165,1127,11477,0,3,0,0.46515536,0.41109344,0.39725167,0
456,шаруа,822,4,233,122,64,684,4,5,2,0.4115438,0.41254672,0.37852362,0
457,сірә,43,0,90,34,14,89,0,4,0,0.23544669,0.25535277,0.27065006,3
458,жыр,929,0,76,144,39,568,6,3,0,0.37941247,0.40869564,0.39043072,1
459,жырау,188,12,1,27,0,223,0,5,2,0.3146118,0.33327082,0.35763568,1
460,мәдениет,970,331,2,446,1,2032,25,8,3,0.40839794,0.48857468,0.43379587,2
461,мәдениетті,93,0,5,15,2,0,0,10,3,0.37119633,0.43907872,0.41277984,2
462,құжат,134,3126,2,221,67,1357,9,5,2,0.33183312,0.37945858,0.31241518,3
463,қолжазба,64,22,2,66,8,111,6,8,3,0.27796835,0.30074415,0.29215962,1
464,қолхат,1,32,5,0,1,43,0,6,2,0.2385558,0.2828562,0.20997916,3
465,қымбат,284,3,141,92,67,299,8,6,2,0.42241922,0.43088907,0.3679185,0
466,бағалы,184,101,8,29,1,198,2,6,2,0.5037081,0.5593454,0.4827654,1
467,баға,681,84,61,230,59,845,9,4,0,0.39072838,0.41971788,0.3771821,0
468,мұра,397,52,37,168,6,678,12,4,0,0.36053875,0.43309537,0.3511586,2
469,мирас,43,0,161,4,0,29,0,5,2,0.22644356,0.31401905,0.2878619,2
470,тиын,85,0,36,45,12,95,6,4,0,0.34747687,0.30524886,0.23731326,1
471,негізгі,1567,620,6,202,20,2347,3,7,2,0.502168,0.5327899,0.45306197,3
472,басты,557,5,0,359,43,1865,0,5,2,0.42608967,0.4687153,0.43249813,2
473,маңыз,501,369,18,124,2,601,7,5,2,0.32314748,0.38895622,0.33010447,3
474,ескерткіш,392,22,10,88,4,311,6,9,3,0.3198957,0.36072287,0.27458686,0
475,естелік,74,5,12,44,5,133,1,7,2,0.3094109,0.38466337,0.3093913,2
476,құрылысшы,62,0,3,4,3,51,8,9,3,0.28744856,0.29284778,0.18607032,2
477,құрылыс,840,413,13,109,28,1465,8,7,2,0.38311866,0.44046155,0.3646204,2
478,құрау,2,0,0,0,0,0,3,5,2,0.37392095,0.33566064,0.2758022,0
479,құрау,2,0,0,0,0,0,0,5,2,0.37392095,0.33566064,0.2758022,0
480,ұшқыш,77,61,8,23,0,46,8,5,2,0.2763393,0.29461738,0.20856822,2
481,жүргізуші,403,14,13,38,14,161,6,9,3,0.234296,0.23151879,0.17683229,0
482,сатушы,70,8,40,16,19,79,6,6,2,0.277941,0.26184478,0.17163406,0
483,әнші,309,0,24,99,18,305,8,4,0,0.34084263,0.35769808,0.33427578,0
484,ән,1550,2,268,354,191,1179,29,2,0,0.19100562,0.052932337,0.0064093247,2
485,орындаушы,18,149,1,66,4,153,1,9,3,0.29540306,0.32610533,0.31952345,1
486,есепші,9,0,0,1,0,4,5,6,2,0.28053772,0.28183696,0.22756438,0
487,даяшы,17,0,0,2,1,20,6,5,2,0.21222098,0.19588469,0.1152055,0
488,тігуші,0,0,0,0,0,5,3,6,2,0.36171147,0.33716327,0.34383914,1
489,сәнгер,0,0,0,1,0,8,18,6,2,0.33059284,0.33080295,0.27108502,1
490,сән,106,1,38,59,2,120,29,3,0,0.32231525,0.3364384,0.26458737,0
491,сазгер,59,1,0,11,0,73,7,6,2,0.27218837,0.29033217,0.2938571,1
492,тіл,1951,491,392,2692,257,14020,146,3,0,0.42776003,0.43615177,0.40400696,0
493,биші,48,0,6,19,5,31,5,4,0,0.30203286,0.27803755,0.24258134,1
494,болашақ,654,87,19,390,58,1230,36,7,2,0.398238,0.4261928,0.33993772,2
495,келешек,142,24,6,84,1,434,1,7,2,0.3539567,0.4005081,0.33986148,3
496,ертеңгі,65,0,25,6,8,135,1,7,2,0.35495114,0.35110468,0.29099095,3
497,таңертеңгі,30,0,15,6,0,0,3,10,3,0.3303567,0.28336164,0.24144654,3
498,ағын,114,36,0,29,9,245,4,4,0,0.31822565,0.3645394,0.37126473,0
499,оқырман,125,9,8,275,1,554,6,7,2,0.2847853,0.30648482,0.30770448,0
500,кездесу,40,1,3,2,0,15,18,7,2,0.26000276,0.27414638,0.22582199,0
501,кездесу,40,1,3,2,0,15,0,7,2,0.26000276,0.27414638,0.22582199,0
502,алты,414,71,207,184,70,671,20,4,0,0.49984017,0.38170752,0.3326028,0
503,жеті,845,3,266,105,51,562,25,4,0,0.54224205,0.4426128,0.3623244,0
504,тіс,328,1,143,39,37,242,2,3,0,0.29698172,0.24848348,0.2670334,0
505,бет,2439,148,630,498,330,1984,13,3,0,0.26248762,0.25538027,0.2363104,0
506,тарау,1271,391,85,54,1,220,4,5,2,0.26986098,0.25610152,0.2246423,0
507,тарау,1271,391,85,54,1,220,0,5,2,0.26986098,0.25610152,0.2246423,0
508,шаш,422,1,233,98,104,513,6,3,0,0.3251931,0.32593295,0.2738192,0
509,ұзын,273,0,154,52,37,362,5,4,0,0.41694856,0.43544492,0.44701484,2
510,қысқа,386,62,54,53,33,373,6,5,2,0.42871672,0.44735184,0.4227875,2
511,шалбар,90,7,43,24,6,42,10,6,2,0.32677191,0.3382827,0.3652375,0
512,көйлек,188,0,159,32,41,156,4,6,2,0.3629386,0.36043277,0.33839756,0
513,бәтеңке,25,0,10,0,1,22,0,7,2,0.3690042,0.36387736,0.3659863,2
514,ескі,294,21,162,77,37,28,8,4,0,0.41297302,0.43941972,0.4246696,3
515,баскиім,38,1,0,0,10,2,0,7,2,0.3447547,0.40703017,0.36541083,0
516,жемпір,13,0,1,1,0,2,0,6,2,0.32068908,0.2967589,0.27834225,0
517,күртеше,16,0,22,1,1,0,4,7,2,0.37599465,0.3786027,0.35389447,1
518,етік,99,0,68,27,14,204,3,4,0,0.3739829,0.35407555,0.33607772,0
519,пәлте,0,0,0,0,0,2,0,5,2,0.38826603,0.4156765,0.40342227,2
520,мойынорағыш,1,0,0,0,3,3,0,11,4,0.4511139,0.5168751,0.533911,1
521,жел,299,0,30,120,67,311,18,3,0,0.38494572,0.34045464,0.34049594,0
522,бірақ,5795,448,1436,970,471,5500,178,5,2,0.4664377,0.4507056,0.39095384,1
523,тұщы,67,350,5,2,2,18,4,4,0,0.3303151,0.36700383,0.33143565,1
524,теңіз,1193,289,213,118,86,343,43,5,2,0.3936925,0.39889383,0.3778521,0
525,тұлға,802,651,12,226,13,1839,8,5,2,0.39173573,0.44055834,0.38910452,1
526,ұстаз,536,285,57,207,10,738,14,5,2,0.35053056,0.36602965,0.30987918,2
527,тамшы,145,2,32,19,15,66,1,5,2,0.35875145,0.34294254,0.2725044,1
528,құдық,103,5,26,17,3,83,4,5,2,0.3131104,0.32522142,0.32857412,1
529,өзен,3500,94,358,86,101,505,54,4,0,0.4062778,0.42635837,0.4305435,0
530,көлшік,5,0,12,1,4,8,5,6,2,0.24024127,0.22205973,0.17033605,1
531,сусын,97,1,37,7,14,63,22,5,2,0.37279674,0.39508703,0.3038432,0
532,шығарма,1498,20,23,343,18,1576,21,7,2,0.3758008,0.4004016,0.3725047,0
533,кезінде,652,633,0,40,0,1971,0,7,2,0.45988515,0.41494557,0.36631015,1
534,жаңалық,339,14,34,116,61,461,12,7,2,0.3733422,0.4053263,0.3756055,0
535,зерттеу,4209,724,62,30,44,2587,14,7,2,0.37574798,0.4178972,0.35342798,2
536,зерттеу,4209,724,62,30,44,2587,0,7,2,0.37574798,0.4178972,0.35342798,2
537,төбе,327,1,230,119,55,431,5,4,0,0.31403285,0.32667744,0.36945736,1
538,бұлжытпай,5,4,6,6,0,29,0,9,3,0.30123118,0.32643074,0.34872723,4
539,ардақ,25,0,0,23,0,33,0,5,2,0.38820392,0.46121195,0.42244428,3
540,қалжың,36,0,15,35,39,198,2,6,2,0.27645773,0.3302315,0.32271942,1
541,анаконда,2,0,0,0,0,0,0,8,3,0.32907158,0.30466783,0.28681925,4
542,қыз,182,4,37,207,942,2735,48,3,0,0.47019953,0.43013498,0.3819351,0
543,дейін,7248,913,156,763,200,2822,0,5,2,0.38976827,0.3485416,0.29066578,0
544,бауырмал,19,0,1,4,1,21,2,8,3,0.33389485,0.3805767,0.29578328,2
545,бауырсақ,126,0,5,12,1,36,4,8,3,0.34860075,0.34527338,0.3159257,0
546,кейіпкер,695,0,21,90,21,353,3,8,3,0.31096268,0.31981578,0.29614154,1
547,дұшпан,100,62,47,28,18,107,6,6,2,0.3388461,0.3849452,0.33493873,1
548,жау,491,10,309,251,220,1094,19,3,0,0.3583507,0.38688803,0.36232808,1
549,жауыз,13,0,27,13,18,58,0,5,2,0.37388477,0.44383705,0.42551926,1
550,қас,78,0,57,24,10,118,0,3,0,0.3530635,0.34766164,0.34650284,1
551,қас,78,0,57,24,10,118,0,3,0,0.3530635,0.34766164,0.34650284,1
552,қаскүнем,3,0,0,0,1,14,0,8,3,0.17151855,0.2115501,0.19019662,4
553,сұм,9,0,9,3,23,46,0,3,0,0.22788839,0.25551993,0.26196116,3
554,ашулы,13,0,25,3,1,37,0,5,2,0.35755107,0.37236866,0.35652336,2
555,түн,272,7,535,172,251,872,30,3,0,0.38765407,0.3535229,0.29900232,1
556,күміс,328,8,128,40,8,218,6,5,2,0.40244794,0.40228656,0.3433156,1
557,кілем,151,0,53,14,106,88,6,5,2,0.33543992,0.34600806,0.32207543,1
558,анар,62,0,1,8,2,196,0,4,0,0.30566224,0.2994005,0.27788624,2
559,дәмді,221,1,43,20,1,39,0,5,2,0.41624793,0.45077506,0.38677406,2
560,сәбіз,123,0,10,7,29,10,0,5,2,0.37428957,0.31705886,0.28583,0
561,қызанақ,81,0,0,6,5,8,1,7,2,0.35283953,0.3408803,0.31146756,0
562,шырын,165,1,32,15,12,35,0,5,2,0.40818262,0.40056166,0.32089987,1
563,тұмсық,453,0,77,27,14,139,0,6,2,0.31501627,0.3491915,0.37531933,2
564,мұрт,46,0,18,25,6,249,0,4,0,0.3335855,0.34842667,0.38174978,1
565,кірпік,48,0,27,22,15,0,0,6,2,0.37826163,0.32690418,0.3365902,1
566,итбалық,32,0,6,0,1,0,3,7,2,0.36083376,0.36850265,0.32620335,2
567,кит,81,0,27,1,1,12,0,3,0,0.23340113,0.21334364,0.16469766,3
568,дельфин,25,0,4,3,1,1,1,7,2,0.3096616,0.31347373,0.23361035,3
569,қорқақ,38,0,101,21,6,64,1,6,2,0.3639577,0.3715651,0.33698228,1
570,жалтақ,5,0,0,1,2,6,0,6,2,0.2555608,0.3237209,0.38819045,3
571,тиін,50,0,59,5,17,5,9,4,0,0.3101388,0.28527027,0.21655867,2
572,бөрі,73,0,20,22,8,74,0,4,0,0.28518283,0.3004141,0.30485368,2
573,қасқыр,288,0,120,124,192,341,13,6,2,0.36216152,0.34591705,0.31058252,1
574,түлкі,464,0,258,44,205,103,5,5,2,0.38845223,0.36490852,0.34987748,1
575,тоқылдақ,20,0,3,12,0,5,0,8,3,0.30680716,0.2999424,0.29812732,3
576,суқойма,4,0,0,0,0,7,0,7,2,0.27018145,0.28127718,0.22928348,3
577,мұхит,422,6,26,26,19,69,6,5,2,0.37002188,0.36508214,0.37217894,1
578,лақ,74,0,13,23,38,34,0,3,0,0.38080546,0.28342342,0.24669187,1
579,лақ,74,0,13,23,38,34,0,3,0,0.38080546,0.28342342,0.24669187,1
580,құлын,117,0,80,50,5,87,1,5,2,0.3562757,0.3525016,0.29931942,1
581,болмыс,119,16,3,63,3,450,0,6,2,0.3140457,0.3720452,0.36673552,3
582,тұрмыс,614,12,31,125,28,503,12,6,2,0.34233657,0.38575494,0.3305672,2
583,үшін,5717,2897,884,1912,1245,9943,151,4,0,0.5227094,0.4709374,0.3726987,1
584,бүгін,1173,34,278,276,18,3571,35,5,2,0.42362443,0.3942002,0.3562083,0
585,қазір,673,4,566,67,695,5042,60,5,2,0.46250084,0.4131902,0.38566294,1
586,салақ,20,0,9,2,0,1,0,5,2,0.43723595,0.46239123,0.43584925,2
587,ұқыпсыз,16,0,0,0,0,1,0,7,2,0.4115425,0.43715766,0.40207896,3
588,салғырт,12,0,2,2,3,18,0,7,2,0.32776815,0.36724418,0.4066168,4
589,ұқыпсыздық,3,0,0,0,0,1,0,10,3,0.38023165,0.4480505,0.42400894,3
590,мүмкін,754,700,448,400,390,2288,56,6,2,0.36041218,0.34436062,0.31083873,1
591,мүмкіндік,842,510,43,398,40,2241,20,9,3,0.43225706,0.47907457,0.42426237,2
592,бәлкім,32,0,19,55,7,0,0,6,2,0.29628757,0.29258296,0.278938,3
593,және,15119,2389,1316,2757,307,17877,233,4,0,0.48533702,0.47327074,0.40565586,0
594,бейне,712,66,96,103,41,825,3,5,2,0.36004335,0.38412398,0.39504522,1
595,бейне,712,66,96,103,41,825,0,5,2,0.36004335,0.38412398,0.39504522,1
596,келбет,102,4,13,30,0,104,0,6,2,0.30331036,0.34902874,0.3393421,1
597,көрініс,532,77,57,137,63,534,7,7,2,0.3716601,0.3761026,0.37445775,2
598,пайда,1588,163,161,555,90,1566,54,5,2,0.45613393,0.46220434,0.41757935,1
599,ұтыс,12,5,9,3,4,171,0,4,0,0.2820795,0.25896063,0.13870436,1
600,ұтымды,45,16,0,1,2,106,1,6,2,0.40541005,0.42738006,0.4339721,1
601,тиімділік,5,216,1,42,2,60,2,9,3,0.35592407,0.39389986,0.3329485,3
602,береке,276,2,21,33,6,109,4,6,2,0.35937676,0.4198057,0.33200696,2
603,тұз,1208,8,20,24,7,85,8,3,0,0.28999123,0.29455242,0.27678138,0
604,бақа,96,0,99,6,6,25,0,4,0,0.30886117,0.27168775,0.24590024,1
605,құрбақа,16,0,7,4,11,7,0,7,2,0.384254,0.3880762,0.35805976,1
606,жүйе,1217,59,2,356,44,3356,11,4,0,0.38769588,0.42019713,0.35683653,2
607,қайта,646,583,513,376,436,2366,0,5,2,0.3803602,0.40985203,0.39382923,0
608,қою,58,36,21,38,66,78,61,3,0,0.37529618,0.39566663,0.35044092,1
609,қою,58,36,21,38,66,78,0,3,0,0.37529618,0.39566663,0.35044092,1
610,бірінші,5251,262,210,404,27,1135,0,7,2,0.44383782,0.4157828,0.33726034,0
611,өз,10976,1043,1224,4934,742,10675,0,2,0,0.19291992,0.036794998,-0.046101023,0
612,ол,14143,5271,1711,7039,4358,30274,749,2,0,0.2268854,0.033967357,-0.04725003,0
613,басқа,3089,1947,741,886,562,5004,64,5,2,0.5344971,0.5239055,0.49221942,0
614,жоқ,2665,58,648,1906,3069,7769,109,3,0,0.45894045,0.45658156,0.42740598,0
615,тек,1331,308,1061,600,393,2738,117,3,0,0.4945208,0.43069154,0.3636343,0
616,тек,1331,308,1061,600,393,2738,0,3,0,0.4945208,0.43069154,0.3636343,0
617,тек,1331,308,1061,600,393,2738,0,3,0,0.4945208,0.43069154,0.3636343,0
618,мемлекеттік,1274,790,15,47,37,4622,13,11,4,0.42605627,0.47922218,0.44017446,2
619,қала,4530,1667,1032,1577,885,4636,131,4,0,0.37947017,0.41101998,0.36836985,1
620,заң,1972,340,46,415,112,2914,6,3,0,0.38703552,0.4323399,0.34163582,2
621,сабақ,4249,25,126,235,26,901,47,5,2,0.37832633,0.37006164,0.3031864,0
622,жасау,0,0,13,52,0,23,109,5,2,0.41186222,0.40191415,0.31943187,0
623,жасау,0,0,13,52,0,23,0,5,2,0.41186222,0.40191415,0.31943187,0
624,сала,1151,917,45,565,43,4005,22,4,0,0.4203819,0.44986653,0.42732218,3
625,сөз,7843,490,1066,1613,585,14510,74,3,0,0.490995,0.5080928,0.45553663,0
626,жағдай,2125,241,153,755,182,3346,15,6,2,0.42263776,0.44134095,0.369629,1
627,қалай,3017,27,957,91,947,0,36,5,2,0.44661474,0.40007976,0.35048708,0
628,бар,7338,1388,4083,4606,3212,10569,184,3,0,0.46980587,0.42716596,0.37388086,0
629,бар,7338,1388,4083,4606,3212,10569,0,3,0,0.46980587,0.42716596,0.37388086,0
630,сұрау,433,2151,29,25,6,115,34,5,2,0.30364227,0.30362105,0.2754985,0
631,сұрау,433,2151,29,25,6,115,0,5,2,0.30364227,0.30362105,0.2754985,0
632,тарту,45,41,8,35,11,229,13,5,2,0.39311233,0.41047218,0.3500059,0
633,тарту,45,41,8,35,11,229,0,5,2,0.39311233,0.41047218,0.3500059,0
634,жыл,3219,14582,662,3393,497,8529,260,3,0,0.43247834,0.32827756,0.25113836,0
635,ұлт,1966,1015,34,783,8,2199,38,3,0,0.40218592,0.43146646,0.38703,2
636,көз,2175,245,2308,1206,946,5957,73,3,0,0.43430626,0.41265935,0.40332898,0
637,бала,6333,912,3421,1979,998,5087,240,4,0,0.5430875,0.48340723,0.38404164,0
638,мына,1786,42,585,376,713,1993,10,4,0,0.4942633,0.4864073,0.43330228,0
639,мысал,2371,80,51,359,47,2621,71,5,2,0.26734683,0.2916721,0.21603847,1
640,бойынша,3800,3192,76,685,121,4987,18,7,2,0.4115189,0.3897856,0.34823167,1
641,бұл,7293,869,2514,3203,1455,17527,276,3,0,0.55053264,0.542471,0.48178717,0
642,бұл,7293,869,2514,3203,1455,17527,0,3,0,0.55053264,0.542471,0.48178717,0
643,күш,1463,593,485,494,192,2959,29,3,0,0.3926505,0.43641788,0.3657367,1
644,сонда,151,14,884,323,482,3911,20,5,2,0.37382442,0.31553695,0.24340723,2
645,мақсат,2107,1028,34,474,55,3178,20,6,2,0.36451027,0.42541945,0.37055874,1
646,туралы,2,831,291,937,334,5616,92,6,2,0.41796634,0.41342083,0.34416035,1
647,жас,2504,262,597,806,386,3191,126,3,0,0.504459,0.46621892,0.41296768,1
648,жас,2504,262,597,806,386,3191,0,3,0,0.504459,0.46621892,0.41296768,1
649,жақсы,2636,8,870,665,1256,2683,127,5,2,0.5661178,0.57124203,0.50794065,0
650,арқылы,2988,728,56,505,58,3785,50,6,2,0.4749692,0.41091955,0.34905323,1
651,енді,1994,2,1017,871,2023,226,0,4,0,0.43264148,0.42597604,0.39487654,2
652,енді,1994,2,1017,871,2023,226,0,4,0,0.43264148,0.42597604,0.39487654,2
653,құрал,4072,819,36,319,59,1139,10,5,2,0.3425556,0.37410188,0.29585308,1
654,осы,2806,2509,1547,2635,1384,15114,78,3,0,0.5727508,0.52979136,0.4727573,0
655,немесе,2582,3914,137,330,61,2508,24,6,2,0.51201516,0.4631892,0.41366556,0
656,барлық,1722,912,785,804,276,3655,47,6,2,0.5476016,0.53552526,0.45115554,0
657,не,5508,566,1809,1031,3097,4644,69,2,0,0.21085447,0.05092676,0.0003512846,1
658,не,5508,566,1809,1031,3097,4644,0,2,0,0.21085447,0.05092676,0.0003512846,1
659,байланысты,1878,770,0,401,0,2806,26,10,3,0.36138833,0.40951335,0.34063455,1
660,жоғары,1546,193,180,566,161,2718,24,6,2,0.4654353,0.46893477,0.45984998,1
661,ғой,581,0,1169,716,125,3917,13,3,0,0.40507853,0.3880409,0.36040407,1
662,өмір,3919,300,430,822,383,4611,155,4,0,0.5349737,0.52879924,0.45333216,0
663,негіз,1772,1198,18,434,33,4141,8,5,2,0.36370057,0.41527444,0.35339326,2
664,әрі,1072,535,405,581,430,2271,15,3,0,0.45527032,0.47706774,0.43767935,2
665,әрі,1072,535,405,581,430,2271,0,3,0,0.45527032,0.47706774,0.43767935,2
666,кез,3194,1167,915,1491,748,4984,161,3,0,0.48286125,0.466903,0.4060892,2
667,атау,168,5229,25,107,14,89,26,4,0,0.3262672,0.34614938,0.29488456,1
668,атау,168,5229,25,107,14,89,0,4,0,0.3262672,0.34614938,0.29488456,1
669,соң,1114,504,1125,840,381,4155,23,3,0,0.44453397,0.39820805,0.34818494,2
670,республика,1330,5674,9,532,15,2305,5,10,3,0.33008653,0.33788028,0.32531515,2
671,екі,4332,413,1355,996,1331,5255,165,3,0,0.60523295,0.50969684,0.44107944,0
672,тапсырма,8400,121,25,106,29,516,11,8,3,0.37692285,0.36223787,0.27267066,0
673,кейін,2148,523,763,740,679,3097,134,5,2,0.43073133,0.35825473,0.3254044,1
674,кейін,2148,523,763,740,679,3097,0,5,2,0.43073133,0.35825473,0.3254044,1
675,ара,1748,34,568,735,204,5287,40,3,0,0.3473023,0.32528377,0.30069214,0
676,табу,24,5,0,0,0,3,39,4,0,0.38715342,0.36490226,0.309533,0
677,табу,24,5,0,0,0,3,0,4,0,0.38715342,0.36490226,0.309533,0
678,ғана,9149,430,624,1068,54,7070,53,4,0,0.5649278,0.5108872,0.44173113,1
679,қазақ,9741,76,232,1227,126,13667,172,5,2,0.50518763,0.48303753,0.484368,0
680,сияқты,1508,146,274,517,545,3321,70,6,2,0.5343907,0.52953833,0.48832092,1
681,үлкен,2957,46,689,157,240,3057,115,5,2,0.5582069,0.56566817,0.49784985,0
682,бес,1604,594,663,480,280,1751,53,3,0,0.55031586,0.4368035,0.37456408,0
683,әйел,2047,387,590,376,711,8154,11,4,0,0.43295416,0.4049614,0.3358029,0
684,ал,14304,4604,5606,5157,5521,17552,0,2,0,0.1600897,0.0004338259,-0.08168751,1
685,ал,14304,4604,5606,5157,5521,17552,0,2,0,0.1600897,0.0004338259,-0.08168751,1
686,ал,14304,4604,5606,5157,5521,17552,0,2,0,0.1600897,0.0004338259,-0.08168751,1
687,ауыл,1706,370,269,657,157,2910,71,4,0,0.41000536,0.41529533,0.39224434,0
688,жаңа,2244,122,334,883,312,4722,62,4,0,0.5493018,0.5681294,0.50555605,0
689,топ,2807,113,173,339,122,2387,11,3,0,0.37203664,0.3547038,0.24964283,0
690,қол,2947,645,1096,233,1059,5546,69,3,0,0.41073808,0.41002753,0.38149992,0
691,бой,2209,92,688,545,321,1363,37,3,0,0.28668526,0.29570282,0.3281475,0
692,су,3918,536,952,383,319,1692,125,2,0,0.25485235,0.060268804,-0.014357146,0
693,өте,1815,189,515,498,469,2067,0,3,0,0.50632465,0.498783,0.43978974,0
694,бір,11726,1243,6132,4300,2732,18791,433,3,0,0.6378047,0.5809452,0.49068904,0
695,бір,11726,1243,6132,4300,2732,18791,0,3,0,0.6378047,0.5809452,0.49068904,0
696,жер,8193,68,1912,1791,1247,6400,141,3,0,0.37619373,0.37278375,0.34350944,0
697,зерттеушілік,3848,25,175,99,142,940,0,12,4,0.2948911,0.36696574,0.3387511,2
698,бастау,82,2,0,2,13,0,73,6,2,0.33432204,0.3584473,0.3353116,0
699,бастау,82,2,0,2,13,0,0,6,2,0.33432204,0.3584473,0.3353116,0
700,отбасы,4500,363,39,1064,108,2569,38,6,2,0.36506107,0.379133,0.27323464,0
701,сан,3281,610,132,420,61,2088,8,3,0,0.46942827,0.44549775,0.3860991,0
702,сондықтан,1320,61,233,497,158,2567,123,9,3,0.37561363,0.38136256,0.3347294,2
703,ойлау,411,5,48,39,22,279,55,5,2,0.43285608,0.46390027,0.43056992,0
704,ойлау,411,5,48,39,22,279,0,5,2,0.43285608,0.46390027,0.43056992,0
705,рет,2346,216,354,323,266,1799,67,3,0,0.42825726,0.33532614,0.27692896,0
706,оқушы,4526,79,99,563,15,2088,41,5,2,0.41319966,0.36479947,0.27114692,0
707,күн,4693,1857,3107,1653,808,6127,204,3,0,0.5306885,0.4484238,0.369067,0
708,қолдау,44,52,2,128,11,388,15,6,2,0.34663063,0.40584648,0.32638505,2
709,қолдау,44,52,2,128,11,388,0,6,2,0.34663063,0.40584648,0.32638505,2
710,ақын,2806,3,45,608,104,2795,17,4,0,0.40567857,0.44038978,0.44469473,1
711,ғалым,2781,151,38,686,31,2847,23,5,2,0.31771943,0.3369622,0.2760083,1
712,кім,2426,38,904,466,813,2152,21,3,0,0.4036705,0.37217644,0.2902352,0
713,ие,5274,832,551,192,100,2481,17,2,0,0.070577994,-0.00833854,-0.092952244,3
714,де,22475,1250,10036,7750,5067,33565,0,2,0,0.21475294,0.0744764,0.01574169,1
715,түр,4532,1096,251,512,195,4448,43,3,0,0.36235467,0.3645484,0.3288595,1
716,әр,2057,168,296,471,123,2543,54,2,0,0.27575365,0.099406086,-0.0013527888,1
717,әр,2057,168,296,471,123,2543,0,2,0,0.27575365,0.099406086,-0.0013527888,1
718,қосымша,3318,1876,24,187,29,1940,3,7,2,0.48951125,0.508266,0.4124454,2
719,қосымша,3318,1876,24,187,29,1940,0,7,2,0.48951125,0.508266,0.4124454,2
720,ең,3008,337,529,837,406,3900,80,2,0,0.23825172,0.091922976,0.018871183,0
721,жұмыс,4184,385,310,1345,608,6924,104,5,2,0.39371392,0.36381742,0.26964065,0
722,мемлекет,1882,2057,26,1734,35,3259,17,8,3,0.39553085,0.44384873,0.39440045,2
723,бәрі,1351,34,1666,771,1482,3452,24,4,0,0.46494582,0.4340292,0.40580043,0
724,өзі,1606,626,1829,716,486,3585,185,3,0,0.46524248,0.44965622,0.41410586,0
725,мектеп,2836,304,177,794,87,3388,87,6,2,0.3972241,0.38499105,0.3361311,0
726,қандай,13169,356,1110,924,1044,4775,37,6,2,0.5939579,0.57690394,0.49703848,0
727,қатар,1471,316,101,534,71,2880,34,5,2,0.35070318,0.33016795,0.30706906,0
728,қабылдау,1278,1690,0,229,28,1152,9,8,3,0.38320807,0.39517686,0.31784427,1
729,қабылдау,1278,1690,0,229,28,1152,0,8,3,0.38320807,0.39517686,0.31784427,1
730,қарай,6315,1380,783,534,348,3552,15,5,2,0.41637334,0.4179331,0.40038922,1
731,облыс,609,818,5,768,108,3714,10,5,2,0.34771815,0.35378522,0.3424969,1
732,адам,10575,1488,1587,1912,886,9166,367,4,0,0.4422807,0.3799114,0.27540958,0
733,ұлттық,8501,345,76,563,9,5009,21,6,2,0.48567933,0.5393931,0.51324165,1
734,мәселе,1206,741,47,784,119,5974,31,6,2,0.4412313,0.44147846,0.40456182,1
735,бас,3438,1074,1471,1421,1480,5061,88,3,0,0.44308484,0.42956352,0.4259068,0
736,құқық,970,2395,4,373,186,2359,4,5,2,0.40643367,0.49017698,0.41859648,2
737,білім,12612,984,50,769,57,8443,61,5,2,0.45980868,0.5056233,0.42319754,1
738,іс,1556,1884,373,760,279,3921,36,2,0,0.15943117,0.06381469,-0.0010534835,2
739,тағы,964,58,1028,521,669,3128,40,4,0,0.47099453,0.45994905,0.42344132,0
740,тағы,964,58,1028,521,669,3128,0,4,0,0.47099453,0.45994905,0.42344132,0
741,тағы,964,58,1028,521,669,3128,0,4,0,0.47099453,0.45994905,0.42344132,0
742,да,4033,953,4951,731,185,21256,228,2,0,0.2722111,0.11721032,0.05137423,1
743,үй,3472,288,2153,974,830,4387,116,2,0,0.17035031,0.011574997,-0.058296606,0
744,іш,2723,801,1456,1099,696,4492,56,2,0,0.07498626,-0.025095122,-0.04860559,0
745,егер,4166,1666,177,694,230,2049,46,4,0,0.34802726,0.3320844,0.27935696,1
746,жылы,5,0,48,1233,82,3897,2,4,0,0.3651537,0.28348848,0.20728168,1
747,халық,6290,75,261,1893,193,7793,31,5,2,0.47818175,0.50049156,0.49077865,1
748,кен,973,72,405,207,1731,2159,1,3,0,0.4080368,0.46219507,0.45465845,2
749,оқу,2156,439,117,510,28,1694,111,3,0,0.42981672,0.4200485,0.3709265,0
750,оқу,2156,439,117,510,28,1694,0,3,0,0.42981672,0.4200485,0.3709265,0
751,мен,21202,4662,6759,5396,4843,27804,511,3,0,0.475992,0.42729157,0.38814613,0
752,мен,21202,4662,6759,5396,4843,27804,0,3,0,0.475992,0.42729157,0.38814613,0
753,қызмет,1932,3038,57,865,138,5702,17,6,2,0.4019965,0.45918095,0.34802336,2
754,қажет,1309,602,202,510,313,3117,44,5,2,0.4094546,0.3901276,0.28620538,1
755,қажет,1309,602,202,510,313,3117,0,5,2,0.4094546,0.3901276,0.28620538,1
756,пен,2350,383,274,686,244,3666,63,3,0,0.41380644,0.42209587,0.36308813,0
757,еңбек,3765,3815,208,924,128,4419,27,5,2,0.44441533,0.476648,0.37364134,0
758,жеке,1102,4188,33,310,50,2278,13,4,0,0.5143325,0.5193896,0.47055644,1
759,қара,3961,1093,1795,1375,1039,7570,3,4,0,0.48140132,0.4703562,0.47547215,1
760,қара,3961,1093,1795,1375,1039,7570,0,4,0,0.48140132,0.4703562,0.47547215,1
761,әке,2522,75,384,299,346,1957,100,3,0,0.35084206,0.34303722,0.30453166,0
762,керек,3173,688,1267,1582,1802,5794,163,5,2,0.43522087,0.40292275,0.31463653,0
763,уақыт,1288,254,611,696,383,3535,87,5,2,0.49019113,0.46045467,0.38745826,0
764,көп,3454,230,1199,1344,648,5997,203,3,0,0.5712729,0.524331,0.46481356,0
765,өлең,7011,0,385,991,175,4970,18,4,0,0.44500232,0.45192635,0.42972243,0
766,ел,6875,860,854,2931,822,9756,80,2,0,0.17772481,0.04207184,-0.0067905043,1
767,жауап,3276,30,361,275,194,2210,17,5,2,0.3968807,0.41611028,0.33839384,0
768,үш,497,322,623,446,202,3356,53,2,0,0.3001329,0.07779197,-0.011897626,0
769,екен,3366,25,2952,1994,2225,10766,85,4,0,0.3837506,0.37060812,0.29725656,1
770,ой,1312,19,525,463,505,2255,25,2,0,0.20292939,0.07687425,0.045995094,1
771,ой,1312,19,525,463,505,2255,0,2,0,0.20292939,0.07687425,0.045995094,1
772,емес,3973,671,1488,1820,1661,8625,104,4,0,0.5260917,0.5270148,0.47248104,0
773,сонымен,7225,1246,138,1027,92,3474,37,7,2,0.33662215,0.30971664,0.29034173,2
774,сонымен,7225,1246,138,1027,92,3474,0,7,2,0.33662215,0.30971664,0.29034173,2
775,жол,3779,90,912,1399,470,5106,73,3,0,0.4352413,0.4580194,0.4065528,0
776,сол,3703,395,2460,2344,1218,10938,8,3,0,0.50184625,0.44276735,0.40701437,0
777,сол,3703,395,2460,2344,1218,10938,0,3,0,0.50184625,0.44276735,0.40701437,0
778,ана,1864,19,596,785,397,2006,86,3,0,0.4284687,0.4103208,0.34586602,0
779,ана,1864,19,596,785,397,2006,0,3,0,0.4284687,0.4103208,0.34586602,0
780,ағыс,337,2,44,15,5,38,2,4,0,0.23193832,0.25591087,0.27122778,1
781,ағым,114,152,1,64,6,297,0,4,0,0.24759409,0.28049222,0.28641835,1
782,жүз,1467,93,292,232,126,1574,16,3,0,0.46682194,0.3894139,0.34418803,0
783,жүз,1467,93,292,232,126,1574,0,3,0,0.46682194,0.3894139,0.34418803,0
784,миллион,127,12,24,216,41,799,37,7,2,0.41014367,0.3170081,0.24202843,0
785,миллиард,22,5,3,50,6,302,6,8,3,0.31886128,0.27810434,0.21943034,0
786,шаштараз,8,0,12,9,0,23,5,8,3,0.2929957,0.26231468,0.19927226,1
787,кемпірқосақ,82,0,12,1,0,3,1,11,4,0.39540088,0.35945863,0.27231362,1
788,кесене,126,0,0,5,0,42,27,6,2,0.33214745,0.36895773,0.32153842,2
789,бата,346,0,31,55,39,232,16,4,0,0.3669772,0.40126494,0.3263592,2
790,нақыл,197,0,8,12,0,69,0,5,2,0.3534285,0.36856535,0.33593664,2
791,аяз,271,1,45,37,115,142,7,3,0,0.28278983,0.22788161,0.20325287,1
792,тайғақ,16,2,3,5,2,35,3,6,2,0.31709325,0.35165966,0.39322275,1
793,мұзайдын,2,0,3,0,0,0,0,8,3,0.3900376,0.4041888,0.4085577,3
794,ауа,1332,292,232,80,61,475,29,3,0,0.42473164,0.4034254,0.35110047,0
795,қолшатыр,17,0,5,6,0,3,1,8,3,0.27561963,0.25867015,0.18036933,2
796,былтыр,116,1,13,59,6,433,5,6,2,0.30093104,0.25829327,0.24891995,2
797,бұршақ,94,1,57,14,4,28,3,6,2,0.3006362,0.30924678,0.2717993,0
798,тоң,78,0,26,40,7,46,0,3,0,0.21723594,0.22874287,0.21737124,1
799,құлақшын,21,0,20,1,1,4,1,8,3,0.3729823,0.35198975,0.34460735,2
800,шәпке,0,0,0,0,1,29,0,5,2,0.5195102,0.57820046,0.5458109,2
801,төрт,1295,38,223,204,107,0,24,4,0,0.5560851,0.4487502,0.37992942,0
802,сегіз,81,36,119,62,34,306,15,5,2,0.45543432,0.36662358,0.3096124,0
803,тоғыз,244,35,131,46,16,4,11,5,2,0.45454237,0.3733065,0.32560012,0
804,он,1053,389,456,417,253,1657,48,2,0,0.25150317,0.025410872,-0.05796636,0
805,жиырма,197,2,123,114,24,564,9,6,2,0.41151047,0.31873992,0.29580066,0
806,отыз,104,47,83,66,14,250,5,4,0,0.39756972,0.30998495,0.28041014,0
807,қырық,10,4,6,20,36,313,4,5,2,0.43219015,0.3768604,0.36144453,0
808,елу,79,65,33,2,19,33,3,3,0,0.4058211,0.31733122,0.26635396,0
809,алпыс,17,11,26,33,6,103,6,5,2,0.45222715,0.35245588,0.31545737,0
810,жетпіс,43,7,14,30,8,119,2,6,2,0.3888819,0.32311606,0.30247736,0
811,сексен,22,12,20,14,5,81,2,6,2,0.41027296,0.32677984,0.35018736,0
812,тоқсан,121,31,17,37,7,176,3,6,2,0.3740845,0.28486636,0.24531011,0
813,тоқсан,121,31,17,37,7,176,0,6,2,0.3740845,0.28486636,0.24531011,0
814,доңыз,7,0,4,3,1,12,0,5,2,0.29985777,0.24258162,0.1830784,1
815,тұзды,50,0,4,0,0,0,0,5,2,0.36713815,0.3974208,0.37020653,2
816,үскірік,11,0,2,0,2,9,0,7,2,0.37118587,0.38324174,0.4080694,4
817,дәрі,65,3,56,27,9,70,5,4,0,0.3771214,0.3794283,0.27233765,0
818,дәрілік,41,27,0,0,0,1,0,7,2,0.38241005,0.41635165,0.37308773,1
819,емдік,31,8,2,4,0,1,0,5,2,0.37329948,0.40404302,0.34934768,1
820,емші,30,0,2,10,2,17,1,4,0,0.29958645,0.2715247,0.20969954,1
821,ғаламшар,128,0,0,88,4,86,7,8,3,0.2931865,0.2693699,0.24073645,1
822,планета,154,0,0,13,0,14,4,7,2,0.26654893,0.2582902,0.21635777,1
823,әуежай,24,66,0,47,6,70,0,6,2,0.26211557,0.2458631,0.19058292,0
824,әуе,80,99,49,37,16,145,2,3,0,0.35030398,0.33312848,0.2898901,1
825,арнау,119,10,3,30,0,100,3,5,2,0.28421843,0.3492497,0.2909082,3
826,арнау,119,10,3,30,0,100,0,5,2,0.28421843,0.3492497,0.2909082,3
827,сахна,135,1,20,170,97,430,16,5,2,0.294604,0.305745,0.3153653,0
828,би,2387,252,71,279,20,1075,15,2,0,0.15318798,-0.007257431,-0.03130061,1
829,сырға,59,0,12,9,5,52,5,5,2,0.36364707,0.38586724,0.39555684,2
830,алтын,596,27,496,238,125,789,19,5,2,0.45381325,0.46659458,0.4154086,0
831,бірлік,2599,217,11,173,7,1002,9,6,2,0.3632099,0.42538324,0.35955286,3
832,өш,67,1,51,84,74,196,0,2,0,-0.01941786,-0.011799496,-0.056120783,3
833,өш,67,1,51,84,74,196,0,2,0,-0.01941786,-0.011799496,-0.056120783,3
834,қанат,366,6,156,145,127,423,10,5,2,0.25448617,0.27061042,0.2846753,1
835,аяулы,80,0,8,22,23,104,0,5,2,0.34305343,0.39662933,0.32982743,2
836,ақырын,124,6,1,23,49,107,1,6,2,0.3217993,0.30994013,0.29510698,1
837,баяу,101,9,28,9,10,121,5,4,0,0.31496218,0.32318488,0.32422072,2
838,ілгері,5,0,7,9,0,9,0,6,2,0.2731272,0.28127423,0.36479795,4
839,қабырға,491,5,169,70,25,288,13,7,2,0.29284382,0.2797067,0.28257495,1
840,қадір-қасиет,21,30,0,26,1,0,0,12,4,0.42577958,0.49869323,0.46713832,3
841,керемет,214,0,224,89,442,255,8,7,2,0.48082924,0.482828,0.42968974,1
842,тиімді,443,12,3,115,12,986,15,6,2,0.4401809,0.4790408,0.45330322,4
843,тұңғыш,464,1,26,145,15,375,2,6,2,0.40433925,0.39660555,0.34951916,1
844,ықтимал,17,1,7,19,3,114,0,7,2,0.252531,0.28442442,0.25835624,3
845,мұртты,0,0,2,6,0,0,0,6,2,0.26910734,0.28876463,0.27303603,2
846,көпжылдық,11,1,0,0,0,6,1,9,3,0.29270333,0.33229527,0.28061557,2
847,құнды,156,29,3,48,5,251,0,5,2,0.4187401,0.49844694,0.41360965,1
848,келесі,474,156,127,21,0,66,21,6,2,0.47763237,0.44966188,0.3604342,0
849,терең,819,23,81,158,30,781,5,5,2,0.40900773,0.46593246,0.49369356,3
850,лас,19,0,45,6,31,0,1,3,0,0.3295547,0.3452501,0.30909687,2
851,мейірімсіз,8,1,6,3,3,0,1,10,3,0.40703857,0.46478888,0.4154879,3
852,демалыс,704,301,24,41,16,263,19,7,2,0.36718816,0.37339145,0.27523303,1
853,оңай,370,3,66,109,88,417,20,4,0,0.37748235,0.3726504,0.3380627,1
854,кешкі,14,3,95,30,31,110,2,5,2,0.31361082,0.2804995,0.23976564,1
855,ұзақ,594,44,171,141,99,814,20,4,0,0.4270237,0.440057,0.38535866,1
856,ұзақ,594,44,171,141,99,814,0,4,0,0.4270237,0.440057,0.38535866,1
857,пайымдау,26,0,0,0,0,1,0,8,3,0.26802245,0.29913172,0.2839516,1
858,пайымдау,26,0,0,0,0,1,0,8,3,0.26802245,0.29913172,0.2839516,1
859,өнер,1752,29,106,486,67,1861,21,4,0,0.46067527,0.5071196,0.44547662,0
860,бөлім,680,537,33,210,81,1275,3,5,2,0.3081299,0.31963113,0.24322829,0
861,бөлік,1516,447,21,136,31,905,14,5,2,0.28887337,0.2948452,0.2755075,1
862,бөлшек,484,16,10,21,13,290,4,6,2,0.309476,0.31582016,0.23368953,1
863,бөлімше,61,327,1,50,13,222,0,7,2,0.24729756,0.27466655,0.21687892,3
864,зергер,128,0,3,8,1,35,5,6,2,0.35173148,0.35870475,0.31093776,1
865,шебер,382,20,36,77,60,368,11,5,2,0.3471653,0.36357152,0.3279078,0
866,шебер,382,20,36,77,60,368,0,5,2,0.3471653,0.36357152,0.3279078,0
867,қолөнер,179,0,2,14,0,103,3,7,2,0.35887405,0.39177707,0.3143293,1
868,сандық,239,19,101,13,20,200,0,6,2,0.26538166,0.23930772,0.18896899,2
869,сандық,239,19,101,13,20,200,0,6,2,0.26538166,0.23930772,0.18896899,2
870,сулы,106,0,4,2,1,13,1,4,0,0.33329862,0.39478478,0.35740364,2
871,мүйізтұмсық,28,0,1,1,0,2,1,11,4,0.30390775,0.32437694,0.360032,2
872,пингвин,4,0,0,0,0,0,0,7,2,0.23009205,0.20246218,0.17338468,2
873,піл,160,0,26,8,6,12,0,3,0,0.29640326,0.23805325,0.16773622,1
874,қолтырауын,28,0,1,0,0,84,0,10,3,0.3837311,0.3802572,0.33635697,1
875,аллигатор,0,0,1,0,0,3,0,9,3,0.18643232,0.19667454,0.13077193,2
876,арыстан,151,0,108,21,14,75,1,7,2,0.32297942,0.30483547,0.2922546,1
877,қабылан,24,0,10,0,10,18,0,7,2,0.33692542,0.32955146,0.31815243,3
878,гепард,4,0,0,0,0,0,0,6,2,0.36712635,0.37784287,0.32308283,2
879,бөкен,22,0,0,15,0,12,0,5,2,0.31975153,0.3327587,0.3303577,3
880,аударыспақ,1,0,2,3,0,11,2,10,3,0.3252146,0.34020615,0.30488315,3
881,өтініш,119,1308,17,44,35,539,1,6,2,0.34074503,0.35953355,0.25939843,1
882,тілек,407,7,44,56,64,364,4,5,2,0.36580387,0.40557596,0.32244918,2
883,жиын,165,9,64,133,21,886,3,4,0,0.29843304,0.31424344,0.27194753,1
884,шоғыр,19,2,3,28,0,13,1,5,2,0.29542938,0.34452417,0.32749,3
885,қырғауыл,47,0,21,4,1,25,2,8,3,0.36070257,0.34963188,0.31455556,3
886,жыртқыш,126,0,8,17,3,39,2,7,2,0.33094507,0.3730984,0.2865557,2
887,континент,34,2,0,1,3,9,1,9,3,0.24297667,0.24427617,0.27518973,2
888,ұштағыш,47,0,1,0,0,0,0,7,2,0.3355698,0.41310146,0.40709144,1
889,түс,2006,430,1336,762,694,5192,8,3,0,0.38601634,0.39366856,0.3341662,1
890,түс,2006,430,1336,762,694,5192,0,3,0,0.38601634,0.39366856,0.3341662,1
891,қайталау,234,4,7,36,0,0,6,8,3,0.33081415,0.3097925,0.28359526,0
892,қайталау,234,4,7,36,0,0,0,8,3,0.33081415,0.3097925,0.28359526,0
893,қи,64,0,23,32,24,153,0,2,0,0.031415727,-0.0010072303,-0.02931611,2
894,сұрақ,3124,46,94,243,66,1154,16,5,2,0.40902022,0.40824082,0.32709634,2
895,күнде,313,11,188,127,102,351,0,5,2,0.4914143,0.42401877,0.35674393,0
896,аула,272,2,124,56,23,241,6,4,0,0.2768636,0.27206746,0.27271587,1
897,көше,695,152,267,175,72,2604,21,4,0,0.36357516,0.34645775,0.30304503,0
898,тар,135,3,27,29,24,223,2,3,0,0.39556935,0.42829007,0.4511524,2
899,саусақ,231,1,161,62,46,212,2,6,2,0.32241234,0.27732462,0.26587403,0
900,оң,429,77,56,70,57,646,4,2,0,0.14264011,-0.010058683,-0.061984424,0
901,түрлі,1508,81,198,337,109,1763,63,5,2,0.5709209,0.558454,0.5103153,1
902,мұрын,127,0,96,56,28,221,0,5,2,0.3558059,0.30195594,0.34608135,0
903,құлақ,553,0,425,259,185,1010,6,5,2,0.35757816,0.3296034,0.35904425,0
904,ауыз,979,17,509,337,241,1651,5,4,0,0.4422952,0.43633312,0.4383182,0
905,тәтті,81,2,49,61,58,118,2,5,2,0.43914077,0.45974767,0.40022114,0
906,салқын,147,0,50,21,37,97,5,6,2,0.36187065,0.39341748,0.38115963,0
907,ертегі,1049,0,185,75,46,194,3,6,2,0.38646412,0.38761184,0.317317,1
908,сайын,558,191,235,242,115,964,0,5,2,0.46632004,0.4003035,0.3743517,3
909,сайын,558,191,235,242,115,964,0,5,2,0.46632004,0.4003035,0.3743517,3
910,сараң,41,0,20,9,2,18,0,5,2,0.33103117,0.38296008,0.36963922,2
911,тапқыр,64,0,5,17,3,54,0,6,2,0.3427388,0.36118457,0.29585716,1
912,наурыз,766,105,76,207,24,403,26,6,2,0.30639157,0.2585872,0.20938462,0
913,айран,93,0,22,22,5,40,0,5,2,0.35152447,0.3844146,0.33538136,0
914,ай,743,373,235,523,615,1025,66,2,0,0.21592444,0.00072969194,-0.052399438,0
915,ай,743,373,235,523,615,1025,0,2,0,0.21592444,0.00072969194,-0.052399438,0
916,ай,743,373,235,523,615,1025,0,2,0,0.21592444,0.00072969194,-0.052399438,0
917,кереует,48,2,107,3,4,27,0,7,2,0.3364823,0.3210858,0.26957074,2
918,айна,128,3,71,27,7,112,3,4,0,0.27262324,0.29302505,0.24233,0
919,апта,219,54,105,141,145,354,20,4,0,0.38918093,0.27315587,0.21698597,0
920,дүйсенбі,119,12,12,5,3,33,1,8,3,0.26738736,0.22474247,0.18844168,0
921,сейсенбі,83,0,0,2,1,25,1,8,3,0.27470455,0.21791957,0.18465297,0
922,сәрсенбі,7,1,10,5,2,17,3,8,3,0.26808795,0.2430458,0.17933103,0
923,жұма,88,6,36,24,27,65,2,4,0,0.32063785,0.27038118,0.22933604,0
924,сенбі,76,74,27,13,10,51,1,5,2,0.28568506,0.24288078,0.17767495,0
925,жексенбі,111,2,46,18,10,87,1,8,3,0.3153218,0.26173785,0.19713455,0
926,тілші,27,0,0,95,38,0,2,5,2,0.2648099,0.28676572,0.25575638,2
927,шыбын,60,0,67,31,38,56,0,5,2,0.36691615,0.35966125,0.32040575,1
928,жүк,225,5,89,49,24,257,2,3,0,0.33950275,0.36139366,0.33179256,1
929,тобыр,18,0,30,11,4,34,0,5,2,0.2699401,0.27898487,0.22283404,3
930,қылықты,36,0,2,3,0,10,0,7,2,0.44835338,0.5159772,0.49547112,3
931,жануар,876,65,30,46,71,140,31,6,2,0.37935364,0.37690473,0.3106755,0
932,әрекет,991,283,16,138,47,1335,13,6,2,0.38542137,0.45528162,0.36813688,2
933,нәрсе,683,10,439,225,362,1115,11,5,2,0.4978945,0.50745857,0.44155467,0
934,минут,334,40,161,43,48,264,20,5,2,0.3280156,0.24661365,0.14927751,0
935,әдетте,293,50,81,2,2,296,0,6,2,0.4698273,0.44410712,0.3917585,0
936,көмекші,165,24,13,22,29,167,1,7,2,0.36285818,0.40408581,0.29405466,2
937,ешқашан,135,7,149,104,65,220,5,7,2,0.3374532,0.3485849,0.31738803,2
938,кіші,868,59,111,30,21,530,8,4,0,0.38639197,0.3698698,0.32340515,0
939,құс,265,5,12,34,81,324,24,3,0,0.39115298,0.38901046,0.33739185,0
940,ет,4197,2394,1553,1825,902,9627,17,2,0,0.1737994,0.043503184,-0.046159007,0
941,ғылым,1913,261,40,440,11,1074,26,5,2,0.41428268,0.4613074,0.40271854,0
942,қатысты,76,1706,8,201,108,380,0,7,2,0.40996024,0.45031264,0.37114435,2
943,дауыс,575,337,369,169,43,922,6,5,2,0.33151057,0.34005335,0.2872843,0
944,аянышты,25,0,0,12,1,55,0,7,2,0.3909583,0.42246056,0.4486805,2
945,бағалау,0,0,0,0,0,2,12,7,2,0.3551113,0.3682362,0.35177132,1
946,бағалау,0,0,0,0,0,2,0,7,2,0.3551113,0.3682362,0.35177132,1
947,қорық,120,5,167,68,128,284,9,5,2,0.26229766,0.30442825,0.25153446,3
948,қорғау,274,178,2,79,20,412,43,6,2,0.4096009,0.42160332,0.3690684,0
949,қорғау,274,178,2,79,20,412,0,6,2,0.4096009,0.42160332,0.3690684,0
950,қорғаныш,18,19,1,4,1,12,0,8,3,0.3518015,0.3789884,0.29311827,2
951,қорғаныс,66,121,24,39,8,123,1,8,3,0.36969128,0.4108288,0.34719348,1
952,сүтқоректі,127,1,0,0,0,1,0,10,3,0.3320486,0.3544404,0.3207187,2
953,тышқан,1,2,0,0,0,0,0,6,2,0.31463188,0.29398632,0.2371989,1
954,сирек,196,13,21,60,6,174,7,5,2,0.42172366,0.43566707,0.44028533,1
955,ағаш,1010,26,563,188,230,422,43,4,0,0.43735278,0.46163148,0.39413,0
956,дән,1092,8,46,106,29,458,6,3,0,0.2662578,0.28897122,0.21263933,2
957,тұқым,351,13,66,30,20,213,2,5,2,0.34242737,0.33303615,0.2459794,1
958,ін,125,0,83,18,10,83,0,2,0,0.04122813,-0.03810708,-0.091855936,1
959,тал,180,4,126,71,44,182,0,3,0,0.41116095,0.40136474,0.36711127,1
960,терек,66,0,64,21,10,74,1,5,2,0.35542205,0.37134016,0.35448155,1
961,көгал,12,0,21,1,3,9,1,5,2,0.27098054,0.26968473,0.23231123,2
962,шөп,192,12,92,65,21,135,9,3,0,0.3979688,0.41324568,0.35781318,1
963,шөп,192,12,92,65,21,135,0,3,0,0.3979688,0.41324568,0.35781318,1
964,жусан,58,0,12,4,2,39,1,5,2,0.34065133,0.4171748,0.3971626,2
965,сексеуіл,27,1,1,3,0,18,3,8,3,0.3214504,0.35504764,0.3623256,2
966,аралық,538,88,8,103,9,476,1,6,2,0.3618624,0.40478128,0.3866338,1
967,бұрынғы,545,61,166,202,20,992,6,7,2,0.3749588,0.380487,0.37806407,2
968,пішін,528,4,21,19,27,95,0,5,2,0.3574459,0.37898722,0.3767871,2
969,аморфты,0,0,0,0,0,3,0,7,2,0.25153732,0.3162077,0.3412572,4
970,мұрат,25,1,8,12,3,18,1,5,2,0.29885542,0.40015474,0.38773006,3
971,мақсатты,88,89,0,18,1,0,0,8,3,0.3792506,0.45090935,0.41263926,1
972,мақсаттылық,9,0,0,4,0,7,0,11,4,0.39157817,0.45761025,0.38973925,1
973,сезімтал,33,0,0,6,4,34,4,8,3,0.3386493,0.3824197,0.34194693,2
974,есім,936,33,46,89,55,960,9,4,0,0.38237488,0.42096302,0.3303748,2
975,объект,92,428,0,16,5,238,0,6,2,0.29017618,0.29830173,0.2556369,0
976,тәжірибе,633,587,36,2,0,421,12,8,3,0.38030085,0.39682713,0.31839272,1
977,тәжірибе,633,587,36,2,0,421,0,8,3,0.38030085,0.39682713,0.31839272,1
978,көлем,1051,341,21,184,21,1280,5,5,2,0.3162143,0.32560977,0.2844964,1
979,мөлшер,838,60,9,34,4,404,4,6,2,0.31393066,0.34343085,0.2641367,1
980,кейде,481,16,135,123,98,621,27,5,2,0.42520255,0.3779678,0.40683925,1
981,университет,161,43,11,269,4,470,12,11,4,0.22909842,0.26794964,0.20347351,2
982,университеттік,2,41,0,0,0,0,0,14,4,0.27229732,0.32370308,0.30312502,2
983,тең,773,128,46,103,35,1142,7,3,0,0.33193445,0.3257532,0.25820416,1
984,тең,773,128,46,103,35,1142,0,3,0,0.33193445,0.3257532,0.25820416,1
985,аумақ,784,726,15,83,10,528,2,5,2,0.28655493,0.3315417,0.27568275,2
986,киім,593,43,375,108,61,78,64,4,0,0.44235042,0.4502577,0.35104337,0
987,шипалы,32,0,3,0,0,10,2,6,2,0.37501213,0.41713038,0.34859198,2
988,дауалы,0,0,0,0,0,2,0,6,2,0.4181543,0.43806344,0.44630378,4
989,ата,1418,213,1335,962,729,1436,35,3,0,0.37637615,0.34908083,0.30079764,0
990,өтінім,1,231,0,0,0,99,0,6,2,0.31096932,0.31111187,0.21735929,2
991,даяр,19,1,21,8,1,4,0,4,0,0.2803394,0.34107575,0.2806939,2
992,дөңгелек,364,24,61,58,26,212,5,8,3,0.38963225,0.3965589,0.40813476,0
993,дөңгелек,364,24,61,58,26,212,0,8,3,0.38963225,0.3965589,0.40813476,0
994,арман,484,2,67,164,282,521,12,5,2,0.38392353,0.42322573,0.3888617,1
995,қиял,160,0,20,27,32,153,1,4,0,0.33426267,0.37120315,0.34731278,1
996,дене,795,102,148,70,18,601,15,4,0,0.4071765,0.41652378,0.3825188,2
997,күндіз,91,12,116,9,10,212,5,6,2,0.3393025,0.30313894,0.2767358,1
998,күй,768,24,212,296,170,952,20,3,0,0.3832049,0.4079834,0.36501238,1
999,сыртқы,630,226,11,98,0,15,2,6,2,0.419583,0.43598658,0.43674526,0
1000,жұмыскер,11,10,10,4,2,27,0,8,3,0.3719847,0.36410242,0.27450088,1
1001,алды (алд),175,7,337,18,29,0,33,10,3,0.5322382,0.5625505,0.5344207,1
1002,үміт,365,9,96,100,76,533,3,4,0,0.3260011,0.40442523,0.32795116,1
1003,құндылық,209,134,0,150,0,589,5,8,3,0.35423002,0.42513287,0.33241463,0
1004,саты,235,327,1,28,12,350,0,4,0,0.2796515,0.2707383,0.2613426,2
